model_id,model_name,election_date,datasource_weight,model_time_interval,model_time_distance,model_time_id,GT_end_date,GT_start_date,GT_identifier,election,model_time_period_color,parties,data_election,data_election_previous,name_GT_datasets,GT_keywords,data_GT_year,predictions_Infratest,predictions_Forsa,predictions_Kantar,predictions_FGW,predictions_Allens,predictions_GT,predictions_GT_election_weight,Weight_Model_2,Poll_dates_weekly_weighting,GT_data_weekly_weighting,predicitons_GT_weekly_polls,predicitons_GT_weekly_polls_mean,predictions
1,M_49_2009_int_7_days_dist_1_days_GT,2009-09-27,GT,604800s (~1 weeks),1d 0H 0M 0S,days,2009-09-26,2009-09-19,2009-09-19-2009-09-26,"27 Sep, 2009",0.229979466119097 month(s),,,,,CDU + CSU + Angela Merkel; SPD + Frank Walter Steinmeier; Grüne + Jürgen Trittin + Renate Künast; Linke + Gregor Gysi; FDP + Guido Westerwelle,,,,,,,,,,,,,,
2,M_50_2009_int_7_days_dist_51_days_GT,2009-09-27,GT,604800s (~1 weeks),51d 0H 0M 0S,days,2009-08-07,2009-07-31,2009-07-31-2009-08-07,"27 Sep, 2009",0.229979466119097 month(s),,,,,CDU + CSU + Angela Merkel; SPD + Frank Walter Steinmeier; Grüne + Jürgen Trittin + Renate Künast; Linke + Gregor Gysi; FDP + Guido Westerwelle,,,,,,,,,,,,,,
3,M_51_2009_int_7_days_dist_101_days_GT,2009-09-27,GT,604800s (~1 weeks),101d 0H 0M 0S,days,2009-06-18,2009-06-11,2009-06-11-2009-06-18,"27 Sep, 2009",0.229979466119097 month(s),,,,,CDU + CSU + Angela Merkel; SPD + Frank Walter Steinmeier; Grüne + Jürgen Trittin + Renate Künast; Linke + Gregor Gysi; FDP + Guido Westerwelle,,,,,,,,,,,,,,
4,M_52_2009_int_91_days_dist_1_days_GT,2009-09-27,GT,7862400s (~13 weeks),1d 0H 0M 0S,days,2009-09-26,2009-06-27,2009-06-27-2009-09-26,"27 Sep, 2009",2.98973305954825 month(s),,,,,CDU + CSU + Angela Merkel; SPD + Frank Walter Steinmeier; Grüne + Jürgen Trittin + Renate Künast; Linke + Gregor Gysi; FDP + Guido Westerwelle,,,,,,,,,,,,,,
5,M_53_2009_int_91_days_dist_51_days_GT,2009-09-27,GT,7862400s (~13 weeks),51d 0H 0M 0S,days,2009-08-07,2009-05-08,2009-05-08-2009-08-07,"27 Sep, 2009",2.98973305954825 month(s),,,,,CDU + CSU + Angela Merkel; SPD + Frank Walter Steinmeier; Grüne + Jürgen Trittin + Renate Künast; Linke + Gregor Gysi; FDP + Guido Westerwelle,,,,,,,,,,,,,,
6,M_54_2009_int_91_days_dist_101_days_GT,2009-09-27,GT,7862400s (~13 weeks),101d 0H 0M 0S,days,2009-06-18,2009-03-19,2009-03-19-2009-06-18,"27 Sep, 2009",2.98973305954825 month(s),,,,,CDU + CSU + Angela Merkel; SPD + Frank Walter Steinmeier; Grüne + Jürgen Trittin + Renate Künast; Linke + Gregor Gysi; FDP + Guido Westerwelle,,,,,,,,,,,,,,
7,M_55_2009_int_7_days_dist_1_days_GT_election_weight,2009-09-27,GT + election weight,604800s (~1 weeks),1d 0H 0M 0S,days,2009-09-26,2009-09-19,2009-09-19-2009-09-26,"27 Sep, 2009",0.229979466119097 month(s),,,,,CDU + CSU + Angela Merkel; SPD + Frank Walter Steinmeier; Grüne + Jürgen Trittin + Renate Künast; Linke + Gregor Gysi; FDP + Guido Westerwelle,,,,,,,,,,,,,,
8,M_56_2009_int_7_days_dist_51_days_GT_election_weight,2009-09-27,GT + election weight,604800s (~1 weeks),51d 0H 0M 0S,days,2009-08-07,2009-07-31,2009-07-31-2009-08-07,"27 Sep, 2009",0.229979466119097 month(s),,,,,CDU + CSU + Angela Merkel; SPD + Frank Walter Steinmeier; Grüne + Jürgen Trittin + Renate Künast; Linke + Gregor Gysi; FDP + Guido Westerwelle,,,,,,,,,,,,,,
9,M_57_2009_int_7_days_dist_101_days_GT_election_weight,2009-09-27,GT + election weight,604800s (~1 weeks),101d 0H 0M 0S,days,2009-06-18,2009-06-11,2009-06-11-2009-06-18,"27 Sep, 2009",0.229979466119097 month(s),,,,,CDU + CSU + Angela Merkel; SPD + Frank Walter Steinmeier; Grüne + Jürgen Trittin + Renate Künast; Linke + Gregor Gysi; FDP + Guido Westerwelle,,,,,,,,,,,,,,
10,M_58_2009_int_91_days_dist_1_days_GT_election_weight,2009-09-27,GT + election weight,7862400s (~13 weeks),1d 0H 0M 0S,days,2009-09-26,2009-06-27,2009-06-27-2009-09-26,"27 Sep, 2009",2.98973305954825 month(s),,,,,CDU + CSU + Angela Merkel; SPD + Frank Walter Steinmeier; Grüne + Jürgen Trittin + Renate Künast; Linke + Gregor Gysi; FDP + Guido Westerwelle,,,,,,,,,,,,,,
11,M_59_2009_int_91_days_dist_51_days_GT_election_weight,2009-09-27,GT + election weight,7862400s (~13 weeks),51d 0H 0M 0S,days,2009-08-07,2009-05-08,2009-05-08-2009-08-07,"27 Sep, 2009",2.98973305954825 month(s),,,,,CDU + CSU + Angela Merkel; SPD + Frank Walter Steinmeier; Grüne + Jürgen Trittin + Renate Künast; Linke + Gregor Gysi; FDP + Guido Westerwelle,,,,,,,,,,,,,,
12,M_60_2009_int_91_days_dist_101_days_GT_election_weight,2009-09-27,GT + election weight,7862400s (~13 weeks),101d 0H 0M 0S,days,2009-06-18,2009-03-19,2009-03-19-2009-06-18,"27 Sep, 2009",2.98973305954825 month(s),,,,,CDU + CSU + Angela Merkel; SPD + Frank Walter Steinmeier; Grüne + Jürgen Trittin + Renate Künast; Linke + Gregor Gysi; FDP + Guido Westerwelle,,,,,,,,,,,,,,
13,M_61_2009_int_7_days_dist_1_days_GT_weekly_polls_weight,2009-09-27,GT + weekly polls weight,604800s (~1 weeks),1d 0H 0M 0S,days,2009-09-26,2009-09-19,2009-09-19-2009-09-26,"27 Sep, 2009",0.229979466119097 month(s),,,,,CDU + CSU + Angela Merkel; SPD + Frank Walter Steinmeier; Grüne + Jürgen Trittin + Renate Künast; Linke + Gregor Gysi; FDP + Guido Westerwelle,,,,,,,,,,,,,,
14,M_62_2009_int_7_days_dist_51_days_GT_weekly_polls_weight,2009-09-27,GT + weekly polls weight,604800s (~1 weeks),51d 0H 0M 0S,days,2009-08-07,2009-07-31,2009-07-31-2009-08-07,"27 Sep, 2009",0.229979466119097 month(s),,,,,CDU + CSU + Angela Merkel; SPD + Frank Walter Steinmeier; Grüne + Jürgen Trittin + Renate Künast; Linke + Gregor Gysi; FDP + Guido Westerwelle,,,,,,,,,,,,,,
15,M_63_2009_int_7_days_dist_101_days_GT_weekly_polls_weight,2009-09-27,GT + weekly polls weight,604800s (~1 weeks),101d 0H 0M 0S,days,2009-06-18,2009-06-11,2009-06-11-2009-06-18,"27 Sep, 2009",0.229979466119097 month(s),,,,,CDU + CSU + Angela Merkel; SPD + Frank Walter Steinmeier; Grüne + Jürgen Trittin + Renate Künast; Linke + Gregor Gysi; FDP + Guido Westerwelle,,,,,,,,,,,,,,
16,M_64_2009_int_91_days_dist_1_days_GT_weekly_polls_weight,2009-09-27,GT + weekly polls weight,7862400s (~13 weeks),1d 0H 0M 0S,days,2009-09-26,2009-06-27,2009-06-27-2009-09-26,"27 Sep, 2009",2.98973305954825 month(s),,,,,CDU + CSU + Angela Merkel; SPD + Frank Walter Steinmeier; Grüne + Jürgen Trittin + Renate Künast; Linke + Gregor Gysi; FDP + Guido Westerwelle,,,,,,,,,,,,,,
17,M_65_2009_int_91_days_dist_51_days_GT_weekly_polls_weight,2009-09-27,GT + weekly polls weight,7862400s (~13 weeks),51d 0H 0M 0S,days,2009-08-07,2009-05-08,2009-05-08-2009-08-07,"27 Sep, 2009",2.98973305954825 month(s),,,,,CDU + CSU + Angela Merkel; SPD + Frank Walter Steinmeier; Grüne + Jürgen Trittin + Renate Künast; Linke + Gregor Gysi; FDP + Guido Westerwelle,,,,,,,,,,,,,,
18,M_66_2009_int_91_days_dist_101_days_GT_weekly_polls_weight,2009-09-27,GT + weekly polls weight,7862400s (~13 weeks),101d 0H 0M 0S,days,2009-06-18,2009-03-19,2009-03-19-2009-06-18,"27 Sep, 2009",2.98973305954825 month(s),,,,,CDU + CSU + Angela Merkel; SPD + Frank Walter Steinmeier; Grüne + Jürgen Trittin + Renate Künast; Linke + Gregor Gysi; FDP + Guido Westerwelle,,,,,,,,,,,,,,
19,M_67_2009_int_7_days_dist_1_days_Infratest,2009-09-27,Infratest,604800s (~1 weeks),1d 0H 0M 0S,days,2009-09-26,2009-09-19,2009-09-19-2009-09-26,"27 Sep, 2009",0.229979466119097 month(s),,,,,,,,,,,,,,,,,,,
20,M_68_2009_int_7_days_dist_51_days_Infratest,2009-09-27,Infratest,604800s (~1 weeks),51d 0H 0M 0S,days,2009-08-07,2009-07-31,2009-07-31-2009-08-07,"27 Sep, 2009",0.229979466119097 month(s),,,,,,,,,,,,,,,,,,,
21,M_69_2009_int_7_days_dist_101_days_Infratest,2009-09-27,Infratest,604800s (~1 weeks),101d 0H 0M 0S,days,2009-06-18,2009-06-11,2009-06-11-2009-06-18,"27 Sep, 2009",0.229979466119097 month(s),,,,,,,,,,,,,,,,,,,
22,M_70_2009_int_91_days_dist_1_days_Infratest,2009-09-27,Infratest,7862400s (~13 weeks),1d 0H 0M 0S,days,2009-09-26,2009-06-27,2009-06-27-2009-09-26,"27 Sep, 2009",2.98973305954825 month(s),,,,,,,,,,,,,,,,,,,
23,M_71_2009_int_91_days_dist_51_days_Infratest,2009-09-27,Infratest,7862400s (~13 weeks),51d 0H 0M 0S,days,2009-08-07,2009-05-08,2009-05-08-2009-08-07,"27 Sep, 2009",2.98973305954825 month(s),,,,,,,,,,,,,,,,,,,
24,M_72_2009_int_91_days_dist_101_days_Infratest,2009-09-27,Infratest,7862400s (~13 weeks),101d 0H 0M 0S,days,2009-06-18,2009-03-19,2009-03-19-2009-06-18,"27 Sep, 2009",2.98973305954825 month(s),,,,,,,,,,,,,,,,,,,
25,M_73_2009_int_7_days_dist_1_days_Forsa,2009-09-27,Forsa,604800s (~1 weeks),1d 0H 0M 0S,days,2009-09-26,2009-09-19,2009-09-19-2009-09-26,"27 Sep, 2009",0.229979466119097 month(s),,,,,,,,,,,,,,,,,,,
26,M_74_2009_int_7_days_dist_51_days_Forsa,2009-09-27,Forsa,604800s (~1 weeks),51d 0H 0M 0S,days,2009-08-07,2009-07-31,2009-07-31-2009-08-07,"27 Sep, 2009",0.229979466119097 month(s),,,,,,,,,,,,,,,,,,,
27,M_75_2009_int_7_days_dist_101_days_Forsa,2009-09-27,Forsa,604800s (~1 weeks),101d 0H 0M 0S,days,2009-06-18,2009-06-11,2009-06-11-2009-06-18,"27 Sep, 2009",0.229979466119097 month(s),,,,,,,,,,,,,,,,,,,
28,M_76_2009_int_91_days_dist_1_days_Forsa,2009-09-27,Forsa,7862400s (~13 weeks),1d 0H 0M 0S,days,2009-09-26,2009-06-27,2009-06-27-2009-09-26,"27 Sep, 2009",2.98973305954825 month(s),,,,,,,,,,,,,,,,,,,
29,M_77_2009_int_91_days_dist_51_days_Forsa,2009-09-27,Forsa,7862400s (~13 weeks),51d 0H 0M 0S,days,2009-08-07,2009-05-08,2009-05-08-2009-08-07,"27 Sep, 2009",2.98973305954825 month(s),,,,,,,,,,,,,,,,,,,
30,M_78_2009_int_91_days_dist_101_days_Forsa,2009-09-27,Forsa,7862400s (~13 weeks),101d 0H 0M 0S,days,2009-06-18,2009-03-19,2009-03-19-2009-06-18,"27 Sep, 2009",2.98973305954825 month(s),,,,,,,,,,,,,,,,,,,
31,M_79_2009_int_7_days_dist_1_days_Kantar,2009-09-27,Kantar,604800s (~1 weeks),1d 0H 0M 0S,days,2009-09-26,2009-09-19,2009-09-19-2009-09-26,"27 Sep, 2009",0.229979466119097 month(s),,,,,,,,,,,,,,,,,,,
32,M_80_2009_int_7_days_dist_51_days_Kantar,2009-09-27,Kantar,604800s (~1 weeks),51d 0H 0M 0S,days,2009-08-07,2009-07-31,2009-07-31-2009-08-07,"27 Sep, 2009",0.229979466119097 month(s),,,,,,,,,,,,,,,,,,,
33,M_81_2009_int_7_days_dist_101_days_Kantar,2009-09-27,Kantar,604800s (~1 weeks),101d 0H 0M 0S,days,2009-06-18,2009-06-11,2009-06-11-2009-06-18,"27 Sep, 2009",0.229979466119097 month(s),,,,,,,,,,,,,,,,,,,
34,M_82_2009_int_91_days_dist_1_days_Kantar,2009-09-27,Kantar,7862400s (~13 weeks),1d 0H 0M 0S,days,2009-09-26,2009-06-27,2009-06-27-2009-09-26,"27 Sep, 2009",2.98973305954825 month(s),,,,,,,,,,,,,,,,,,,
35,M_83_2009_int_91_days_dist_51_days_Kantar,2009-09-27,Kantar,7862400s (~13 weeks),51d 0H 0M 0S,days,2009-08-07,2009-05-08,2009-05-08-2009-08-07,"27 Sep, 2009",2.98973305954825 month(s),,,,,,,,,,,,,,,,,,,
36,M_84_2009_int_91_days_dist_101_days_Kantar,2009-09-27,Kantar,7862400s (~13 weeks),101d 0H 0M 0S,days,2009-06-18,2009-03-19,2009-03-19-2009-06-18,"27 Sep, 2009",2.98973305954825 month(s),,,,,,,,,,,,,,,,,,,
37,M_85_2009_int_7_days_dist_1_days_FGW,2009-09-27,FGW,604800s (~1 weeks),1d 0H 0M 0S,days,2009-09-26,2009-09-19,2009-09-19-2009-09-26,"27 Sep, 2009",0.229979466119097 month(s),,,,,,,,,,,,,,,,,,,
38,M_86_2009_int_7_days_dist_51_days_FGW,2009-09-27,FGW,604800s (~1 weeks),51d 0H 0M 0S,days,2009-08-07,2009-07-31,2009-07-31-2009-08-07,"27 Sep, 2009",0.229979466119097 month(s),,,,,,,,,,,,,,,,,,,
39,M_87_2009_int_7_days_dist_101_days_FGW,2009-09-27,FGW,604800s (~1 weeks),101d 0H 0M 0S,days,2009-06-18,2009-06-11,2009-06-11-2009-06-18,"27 Sep, 2009",0.229979466119097 month(s),,,,,,,,,,,,,,,,,,,
40,M_88_2009_int_91_days_dist_1_days_FGW,2009-09-27,FGW,7862400s (~13 weeks),1d 0H 0M 0S,days,2009-09-26,2009-06-27,2009-06-27-2009-09-26,"27 Sep, 2009",2.98973305954825 month(s),,,,,,,,,,,,,,,,,,,
41,M_89_2009_int_91_days_dist_51_days_FGW,2009-09-27,FGW,7862400s (~13 weeks),51d 0H 0M 0S,days,2009-08-07,2009-05-08,2009-05-08-2009-08-07,"27 Sep, 2009",2.98973305954825 month(s),,,,,,,,,,,,,,,,,,,
42,M_90_2009_int_91_days_dist_101_days_FGW,2009-09-27,FGW,7862400s (~13 weeks),101d 0H 0M 0S,days,2009-06-18,2009-03-19,2009-03-19-2009-06-18,"27 Sep, 2009",2.98973305954825 month(s),,,,,,,,,,,,,,,,,,,
43,M_91_2009_int_7_days_dist_1_days_Allens,2009-09-27,Allens,604800s (~1 weeks),1d 0H 0M 0S,days,2009-09-26,2009-09-19,2009-09-19-2009-09-26,"27 Sep, 2009",0.229979466119097 month(s),,,,,,,,,,,,,,,,,,,
44,M_92_2009_int_7_days_dist_51_days_Allens,2009-09-27,Allens,604800s (~1 weeks),51d 0H 0M 0S,days,2009-08-07,2009-07-31,2009-07-31-2009-08-07,"27 Sep, 2009",0.229979466119097 month(s),,,,,,,,,,,,,,,,,,,
45,M_93_2009_int_7_days_dist_101_days_Allens,2009-09-27,Allens,604800s (~1 weeks),101d 0H 0M 0S,days,2009-06-18,2009-06-11,2009-06-11-2009-06-18,"27 Sep, 2009",0.229979466119097 month(s),,,,,,,,,,,,,,,,,,,
46,M_94_2009_int_91_days_dist_1_days_Allens,2009-09-27,Allens,7862400s (~13 weeks),1d 0H 0M 0S,days,2009-09-26,2009-06-27,2009-06-27-2009-09-26,"27 Sep, 2009",2.98973305954825 month(s),,,,,,,,,,,,,,,,,,,
47,M_95_2009_int_91_days_dist_51_days_Allens,2009-09-27,Allens,7862400s (~13 weeks),51d 0H 0M 0S,days,2009-08-07,2009-05-08,2009-05-08-2009-08-07,"27 Sep, 2009",2.98973305954825 month(s),,,,,,,,,,,,,,,,,,,
48,M_96_2009_int_91_days_dist_101_days_Allens,2009-09-27,Allens,7862400s (~13 weeks),101d 0H 0M 0S,days,2009-06-18,2009-03-19,2009-03-19-2009-06-18,"27 Sep, 2009",2.98973305954825 month(s),,,,,,,,,,,,,,,,,,,
49,M_97_2013_int_7_days_dist_1_days_GT,2013-09-22,GT,604800s (~1 weeks),1d 0H 0M 0S,days,2013-09-21,2013-09-14,2013-09-14-2013-09-21,"22 Sep, 2013",0.229979466119097 month(s),,,,,"c(""CDU + CSU + Angela Merkel"", ""SPD + Peer Steinbrück"", ""Jürgen Trittin + Katrin Göring Eckardt + Grüne + "", ""Linke + Sarah Wagenknecht + Gregor Gysi"", ""FDP + Philipp Rösler""); c(""Bernd Lucke + Afd"", ""CDU + CSU + Angela Merkel"", ""SPD + Peer Steinbrück"", ""Jürgen Trittin + Katrin Göring Eckardt + Grüne"", ""FDP + Philipp Rösler"")",,,,,,,,,,,,,,
50,M_98_2013_int_7_days_dist_51_days_GT,2013-09-22,GT,604800s (~1 weeks),51d 0H 0M 0S,days,2013-08-02,2013-07-26,2013-07-26-2013-08-02,"22 Sep, 2013",0.229979466119097 month(s),,,,,"c(""CDU + CSU + Angela Merkel"", ""SPD + Peer Steinbrück"", ""Jürgen Trittin + Katrin Göring Eckardt + Grüne + "", ""Linke + Sarah Wagenknecht + Gregor Gysi"", ""FDP + Philipp Rösler""); c(""Bernd Lucke + Afd"", ""CDU + CSU + Angela Merkel"", ""SPD + Peer Steinbrück"", ""Jürgen Trittin + Katrin Göring Eckardt + Grüne"", ""FDP + Philipp Rösler"")",,,,,,,,,,,,,,
51,M_99_2013_int_7_days_dist_101_days_GT,2013-09-22,GT,604800s (~1 weeks),101d 0H 0M 0S,days,2013-06-13,2013-06-06,2013-06-06-2013-06-13,"22 Sep, 2013",0.229979466119097 month(s),,,,,"c(""CDU + CSU + Angela Merkel"", ""SPD + Peer Steinbrück"", ""Jürgen Trittin + Katrin Göring Eckardt + Grüne + "", ""Linke + Sarah Wagenknecht + Gregor Gysi"", ""FDP + Philipp Rösler""); c(""Bernd Lucke + Afd"", ""CDU + CSU + Angela Merkel"", ""SPD + Peer Steinbrück"", ""Jürgen Trittin + Katrin Göring Eckardt + Grüne"", ""FDP + Philipp Rösler"")",,,,,,,,,,,,,,
52,M_100_2013_int_91_days_dist_1_days_GT,2013-09-22,GT,7862400s (~13 weeks),1d 0H 0M 0S,days,2013-09-21,2013-06-22,2013-06-22-2013-09-21,"22 Sep, 2013",2.98973305954825 month(s),,,,,"c(""CDU + CSU + Angela Merkel"", ""SPD + Peer Steinbrück"", ""Jürgen Trittin + Katrin Göring Eckardt + Grüne + "", ""Linke + Sarah Wagenknecht + Gregor Gysi"", ""FDP + Philipp Rösler""); c(""Bernd Lucke + Afd"", ""CDU + CSU + Angela Merkel"", ""SPD + Peer Steinbrück"", ""Jürgen Trittin + Katrin Göring Eckardt + Grüne"", ""FDP + Philipp Rösler"")",,,,,,,,,,,,,,
53,M_101_2013_int_91_days_dist_51_days_GT,2013-09-22,GT,7862400s (~13 weeks),51d 0H 0M 0S,days,2013-08-02,2013-05-03,2013-05-03-2013-08-02,"22 Sep, 2013",2.98973305954825 month(s),,,,,"c(""CDU + CSU + Angela Merkel"", ""SPD + Peer Steinbrück"", ""Jürgen Trittin + Katrin Göring Eckardt + Grüne + "", ""Linke + Sarah Wagenknecht + Gregor Gysi"", ""FDP + Philipp Rösler""); c(""Bernd Lucke + Afd"", ""CDU + CSU + Angela Merkel"", ""SPD + Peer Steinbrück"", ""Jürgen Trittin + Katrin Göring Eckardt + Grüne"", ""FDP + Philipp Rösler"")",,,,,,,,,,,,,,
54,M_102_2013_int_91_days_dist_101_days_GT,2013-09-22,GT,7862400s (~13 weeks),101d 0H 0M 0S,days,2013-06-13,2013-03-14,2013-03-14-2013-06-13,"22 Sep, 2013",2.98973305954825 month(s),,,,,"c(""CDU + CSU + Angela Merkel"", ""SPD + Peer Steinbrück"", ""Jürgen Trittin + Katrin Göring Eckardt + Grüne + "", ""Linke + Sarah Wagenknecht + Gregor Gysi"", ""FDP + Philipp Rösler""); c(""Bernd Lucke + Afd"", ""CDU + CSU + Angela Merkel"", ""SPD + Peer Steinbrück"", ""Jürgen Trittin + Katrin Göring Eckardt + Grüne"", ""FDP + Philipp Rösler"")",,,,,,,,,,,,,,
55,M_103_2013_int_7_days_dist_1_days_GT_election_weight,2013-09-22,GT + election weight,604800s (~1 weeks),1d 0H 0M 0S,days,2013-09-21,2013-09-14,2013-09-14-2013-09-21,"22 Sep, 2013",0.229979466119097 month(s),,,,,"c(""CDU + CSU + Angela Merkel"", ""SPD + Peer Steinbrück"", ""Jürgen Trittin + Katrin Göring Eckardt + Grüne + "", ""Linke + Sarah Wagenknecht + Gregor Gysi"", ""FDP + Philipp Rösler""); c(""Bernd Lucke + Afd"", ""CDU + CSU + Angela Merkel"", ""SPD + Peer Steinbrück"", ""Jürgen Trittin + Katrin Göring Eckardt + Grüne"", ""FDP + Philipp Rösler"")",,,,,,,,,,,,,,
56,M_104_2013_int_7_days_dist_51_days_GT_election_weight,2013-09-22,GT + election weight,604800s (~1 weeks),51d 0H 0M 0S,days,2013-08-02,2013-07-26,2013-07-26-2013-08-02,"22 Sep, 2013",0.229979466119097 month(s),,,,,"c(""CDU + CSU + Angela Merkel"", ""SPD + Peer Steinbrück"", ""Jürgen Trittin + Katrin Göring Eckardt + Grüne + "", ""Linke + Sarah Wagenknecht + Gregor Gysi"", ""FDP + Philipp Rösler""); c(""Bernd Lucke + Afd"", ""CDU + CSU + Angela Merkel"", ""SPD + Peer Steinbrück"", ""Jürgen Trittin + Katrin Göring Eckardt + Grüne"", ""FDP + Philipp Rösler"")",,,,,,,,,,,,,,
57,M_105_2013_int_7_days_dist_101_days_GT_election_weight,2013-09-22,GT + election weight,604800s (~1 weeks),101d 0H 0M 0S,days,2013-06-13,2013-06-06,2013-06-06-2013-06-13,"22 Sep, 2013",0.229979466119097 month(s),,,,,"c(""CDU + CSU + Angela Merkel"", ""SPD + Peer Steinbrück"", ""Jürgen Trittin + Katrin Göring Eckardt + Grüne + "", ""Linke + Sarah Wagenknecht + Gregor Gysi"", ""FDP + Philipp Rösler""); c(""Bernd Lucke + Afd"", ""CDU + CSU + Angela Merkel"", ""SPD + Peer Steinbrück"", ""Jürgen Trittin + Katrin Göring Eckardt + Grüne"", ""FDP + Philipp Rösler"")",,,,,,,,,,,,,,
58,M_106_2013_int_91_days_dist_1_days_GT_election_weight,2013-09-22,GT + election weight,7862400s (~13 weeks),1d 0H 0M 0S,days,2013-09-21,2013-06-22,2013-06-22-2013-09-21,"22 Sep, 2013",2.98973305954825 month(s),,,,,"c(""CDU + CSU + Angela Merkel"", ""SPD + Peer Steinbrück"", ""Jürgen Trittin + Katrin Göring Eckardt + Grüne + "", ""Linke + Sarah Wagenknecht + Gregor Gysi"", ""FDP + Philipp Rösler""); c(""Bernd Lucke + Afd"", ""CDU + CSU + Angela Merkel"", ""SPD + Peer Steinbrück"", ""Jürgen Trittin + Katrin Göring Eckardt + Grüne"", ""FDP + Philipp Rösler"")",,,,,,,,,,,,,,
59,M_107_2013_int_91_days_dist_51_days_GT_election_weight,2013-09-22,GT + election weight,7862400s (~13 weeks),51d 0H 0M 0S,days,2013-08-02,2013-05-03,2013-05-03-2013-08-02,"22 Sep, 2013",2.98973305954825 month(s),,,,,"c(""CDU + CSU + Angela Merkel"", ""SPD + Peer Steinbrück"", ""Jürgen Trittin + Katrin Göring Eckardt + Grüne + "", ""Linke + Sarah Wagenknecht + Gregor Gysi"", ""FDP + Philipp Rösler""); c(""Bernd Lucke + Afd"", ""CDU + CSU + Angela Merkel"", ""SPD + Peer Steinbrück"", ""Jürgen Trittin + Katrin Göring Eckardt + Grüne"", ""FDP + Philipp Rösler"")",,,,,,,,,,,,,,
60,M_108_2013_int_91_days_dist_101_days_GT_election_weight,2013-09-22,GT + election weight,7862400s (~13 weeks),101d 0H 0M 0S,days,2013-06-13,2013-03-14,2013-03-14-2013-06-13,"22 Sep, 2013",2.98973305954825 month(s),,,,,"c(""CDU + CSU + Angela Merkel"", ""SPD + Peer Steinbrück"", ""Jürgen Trittin + Katrin Göring Eckardt + Grüne + "", ""Linke + Sarah Wagenknecht + Gregor Gysi"", ""FDP + Philipp Rösler""); c(""Bernd Lucke + Afd"", ""CDU + CSU + Angela Merkel"", ""SPD + Peer Steinbrück"", ""Jürgen Trittin + Katrin Göring Eckardt + Grüne"", ""FDP + Philipp Rösler"")",,,,,,,,,,,,,,
61,M_109_2013_int_7_days_dist_1_days_GT_weekly_polls_weight,2013-09-22,GT + weekly polls weight,604800s (~1 weeks),1d 0H 0M 0S,days,2013-09-21,2013-09-14,2013-09-14-2013-09-21,"22 Sep, 2013",0.229979466119097 month(s),,,,,"c(""CDU + CSU + Angela Merkel"", ""SPD + Peer Steinbrück"", ""Jürgen Trittin + Katrin Göring Eckardt + Grüne + "", ""Linke + Sarah Wagenknecht + Gregor Gysi"", ""FDP + Philipp Rösler""); c(""Bernd Lucke + Afd"", ""CDU + CSU + Angela Merkel"", ""SPD + Peer Steinbrück"", ""Jürgen Trittin + Katrin Göring Eckardt + Grüne"", ""FDP + Philipp Rösler"")",,,,,,,,,,,,,,
62,M_110_2013_int_7_days_dist_51_days_GT_weekly_polls_weight,2013-09-22,GT + weekly polls weight,604800s (~1 weeks),51d 0H 0M 0S,days,2013-08-02,2013-07-26,2013-07-26-2013-08-02,"22 Sep, 2013",0.229979466119097 month(s),,,,,"c(""CDU + CSU + Angela Merkel"", ""SPD + Peer Steinbrück"", ""Jürgen Trittin + Katrin Göring Eckardt + Grüne + "", ""Linke + Sarah Wagenknecht + Gregor Gysi"", ""FDP + Philipp Rösler""); c(""Bernd Lucke + Afd"", ""CDU + CSU + Angela Merkel"", ""SPD + Peer Steinbrück"", ""Jürgen Trittin + Katrin Göring Eckardt + Grüne"", ""FDP + Philipp Rösler"")",,,,,,,,,,,,,,
63,M_111_2013_int_7_days_dist_101_days_GT_weekly_polls_weight,2013-09-22,GT + weekly polls weight,604800s (~1 weeks),101d 0H 0M 0S,days,2013-06-13,2013-06-06,2013-06-06-2013-06-13,"22 Sep, 2013",0.229979466119097 month(s),,,,,"c(""CDU + CSU + Angela Merkel"", ""SPD + Peer Steinbrück"", ""Jürgen Trittin + Katrin Göring Eckardt + Grüne + "", ""Linke + Sarah Wagenknecht + Gregor Gysi"", ""FDP + Philipp Rösler""); c(""Bernd Lucke + Afd"", ""CDU + CSU + Angela Merkel"", ""SPD + Peer Steinbrück"", ""Jürgen Trittin + Katrin Göring Eckardt + Grüne"", ""FDP + Philipp Rösler"")",,,,,,,,,,,,,,
64,M_112_2013_int_91_days_dist_1_days_GT_weekly_polls_weight,2013-09-22,GT + weekly polls weight,7862400s (~13 weeks),1d 0H 0M 0S,days,2013-09-21,2013-06-22,2013-06-22-2013-09-21,"22 Sep, 2013",2.98973305954825 month(s),,,,,"c(""CDU + CSU + Angela Merkel"", ""SPD + Peer Steinbrück"", ""Jürgen Trittin + Katrin Göring Eckardt + Grüne + "", ""Linke + Sarah Wagenknecht + Gregor Gysi"", ""FDP + Philipp Rösler""); c(""Bernd Lucke + Afd"", ""CDU + CSU + Angela Merkel"", ""SPD + Peer Steinbrück"", ""Jürgen Trittin + Katrin Göring Eckardt + Grüne"", ""FDP + Philipp Rösler"")",,,,,,,,,,,,,,
65,M_113_2013_int_91_days_dist_51_days_GT_weekly_polls_weight,2013-09-22,GT + weekly polls weight,7862400s (~13 weeks),51d 0H 0M 0S,days,2013-08-02,2013-05-03,2013-05-03-2013-08-02,"22 Sep, 2013",2.98973305954825 month(s),,,,,"c(""CDU + CSU + Angela Merkel"", ""SPD + Peer Steinbrück"", ""Jürgen Trittin + Katrin Göring Eckardt + Grüne + "", ""Linke + Sarah Wagenknecht + Gregor Gysi"", ""FDP + Philipp Rösler""); c(""Bernd Lucke + Afd"", ""CDU + CSU + Angela Merkel"", ""SPD + Peer Steinbrück"", ""Jürgen Trittin + Katrin Göring Eckardt + Grüne"", ""FDP + Philipp Rösler"")",,,,,,,,,,,,,,
66,M_114_2013_int_91_days_dist_101_days_GT_weekly_polls_weight,2013-09-22,GT + weekly polls weight,7862400s (~13 weeks),101d 0H 0M 0S,days,2013-06-13,2013-03-14,2013-03-14-2013-06-13,"22 Sep, 2013",2.98973305954825 month(s),,,,,"c(""CDU + CSU + Angela Merkel"", ""SPD + Peer Steinbrück"", ""Jürgen Trittin + Katrin Göring Eckardt + Grüne + "", ""Linke + Sarah Wagenknecht + Gregor Gysi"", ""FDP + Philipp Rösler""); c(""Bernd Lucke + Afd"", ""CDU + CSU + Angela Merkel"", ""SPD + Peer Steinbrück"", ""Jürgen Trittin + Katrin Göring Eckardt + Grüne"", ""FDP + Philipp Rösler"")",,,,,,,,,,,,,,
67,M_115_2013_int_7_days_dist_1_days_Infratest,2013-09-22,Infratest,604800s (~1 weeks),1d 0H 0M 0S,days,2013-09-21,2013-09-14,2013-09-14-2013-09-21,"22 Sep, 2013",0.229979466119097 month(s),,,,,,,,,,,,,,,,,,,
68,M_116_2013_int_7_days_dist_51_days_Infratest,2013-09-22,Infratest,604800s (~1 weeks),51d 0H 0M 0S,days,2013-08-02,2013-07-26,2013-07-26-2013-08-02,"22 Sep, 2013",0.229979466119097 month(s),,,,,,,,,,,,,,,,,,,
69,M_117_2013_int_7_days_dist_101_days_Infratest,2013-09-22,Infratest,604800s (~1 weeks),101d 0H 0M 0S,days,2013-06-13,2013-06-06,2013-06-06-2013-06-13,"22 Sep, 2013",0.229979466119097 month(s),,,,,,,,,,,,,,,,,,,
70,M_118_2013_int_91_days_dist_1_days_Infratest,2013-09-22,Infratest,7862400s (~13 weeks),1d 0H 0M 0S,days,2013-09-21,2013-06-22,2013-06-22-2013-09-21,"22 Sep, 2013",2.98973305954825 month(s),,,,,,,,,,,,,,,,,,,
71,M_119_2013_int_91_days_dist_51_days_Infratest,2013-09-22,Infratest,7862400s (~13 weeks),51d 0H 0M 0S,days,2013-08-02,2013-05-03,2013-05-03-2013-08-02,"22 Sep, 2013",2.98973305954825 month(s),,,,,,,,,,,,,,,,,,,
72,M_120_2013_int_91_days_dist_101_days_Infratest,2013-09-22,Infratest,7862400s (~13 weeks),101d 0H 0M 0S,days,2013-06-13,2013-03-14,2013-03-14-2013-06-13,"22 Sep, 2013",2.98973305954825 month(s),,,,,,,,,,,,,,,,,,,
73,M_121_2013_int_7_days_dist_1_days_Forsa,2013-09-22,Forsa,604800s (~1 weeks),1d 0H 0M 0S,days,2013-09-21,2013-09-14,2013-09-14-2013-09-21,"22 Sep, 2013",0.229979466119097 month(s),,,,,,,,,,,,,,,,,,,
74,M_122_2013_int_7_days_dist_51_days_Forsa,2013-09-22,Forsa,604800s (~1 weeks),51d 0H 0M 0S,days,2013-08-02,2013-07-26,2013-07-26-2013-08-02,"22 Sep, 2013",0.229979466119097 month(s),,,,,,,,,,,,,,,,,,,
75,M_123_2013_int_7_days_dist_101_days_Forsa,2013-09-22,Forsa,604800s (~1 weeks),101d 0H 0M 0S,days,2013-06-13,2013-06-06,2013-06-06-2013-06-13,"22 Sep, 2013",0.229979466119097 month(s),,,,,,,,,,,,,,,,,,,
76,M_124_2013_int_91_days_dist_1_days_Forsa,2013-09-22,Forsa,7862400s (~13 weeks),1d 0H 0M 0S,days,2013-09-21,2013-06-22,2013-06-22-2013-09-21,"22 Sep, 2013",2.98973305954825 month(s),,,,,,,,,,,,,,,,,,,
77,M_125_2013_int_91_days_dist_51_days_Forsa,2013-09-22,Forsa,7862400s (~13 weeks),51d 0H 0M 0S,days,2013-08-02,2013-05-03,2013-05-03-2013-08-02,"22 Sep, 2013",2.98973305954825 month(s),,,,,,,,,,,,,,,,,,,
78,M_126_2013_int_91_days_dist_101_days_Forsa,2013-09-22,Forsa,7862400s (~13 weeks),101d 0H 0M 0S,days,2013-06-13,2013-03-14,2013-03-14-2013-06-13,"22 Sep, 2013",2.98973305954825 month(s),,,,,,,,,,,,,,,,,,,
79,M_127_2013_int_7_days_dist_1_days_Kantar,2013-09-22,Kantar,604800s (~1 weeks),1d 0H 0M 0S,days,2013-09-21,2013-09-14,2013-09-14-2013-09-21,"22 Sep, 2013",0.229979466119097 month(s),,,,,,,,,,,,,,,,,,,
80,M_128_2013_int_7_days_dist_51_days_Kantar,2013-09-22,Kantar,604800s (~1 weeks),51d 0H 0M 0S,days,2013-08-02,2013-07-26,2013-07-26-2013-08-02,"22 Sep, 2013",0.229979466119097 month(s),,,,,,,,,,,,,,,,,,,
81,M_129_2013_int_7_days_dist_101_days_Kantar,2013-09-22,Kantar,604800s (~1 weeks),101d 0H 0M 0S,days,2013-06-13,2013-06-06,2013-06-06-2013-06-13,"22 Sep, 2013",0.229979466119097 month(s),,,,,,,,,,,,,,,,,,,
82,M_130_2013_int_91_days_dist_1_days_Kantar,2013-09-22,Kantar,7862400s (~13 weeks),1d 0H 0M 0S,days,2013-09-21,2013-06-22,2013-06-22-2013-09-21,"22 Sep, 2013",2.98973305954825 month(s),,,,,,,,,,,,,,,,,,,
83,M_131_2013_int_91_days_dist_51_days_Kantar,2013-09-22,Kantar,7862400s (~13 weeks),51d 0H 0M 0S,days,2013-08-02,2013-05-03,2013-05-03-2013-08-02,"22 Sep, 2013",2.98973305954825 month(s),,,,,,,,,,,,,,,,,,,
84,M_132_2013_int_91_days_dist_101_days_Kantar,2013-09-22,Kantar,7862400s (~13 weeks),101d 0H 0M 0S,days,2013-06-13,2013-03-14,2013-03-14-2013-06-13,"22 Sep, 2013",2.98973305954825 month(s),,,,,,,,,,,,,,,,,,,
85,M_133_2013_int_7_days_dist_1_days_FGW,2013-09-22,FGW,604800s (~1 weeks),1d 0H 0M 0S,days,2013-09-21,2013-09-14,2013-09-14-2013-09-21,"22 Sep, 2013",0.229979466119097 month(s),,,,,,,,,,,,,,,,,,,
86,M_134_2013_int_7_days_dist_51_days_FGW,2013-09-22,FGW,604800s (~1 weeks),51d 0H 0M 0S,days,2013-08-02,2013-07-26,2013-07-26-2013-08-02,"22 Sep, 2013",0.229979466119097 month(s),,,,,,,,,,,,,,,,,,,
87,M_135_2013_int_7_days_dist_101_days_FGW,2013-09-22,FGW,604800s (~1 weeks),101d 0H 0M 0S,days,2013-06-13,2013-06-06,2013-06-06-2013-06-13,"22 Sep, 2013",0.229979466119097 month(s),,,,,,,,,,,,,,,,,,,
88,M_136_2013_int_91_days_dist_1_days_FGW,2013-09-22,FGW,7862400s (~13 weeks),1d 0H 0M 0S,days,2013-09-21,2013-06-22,2013-06-22-2013-09-21,"22 Sep, 2013",2.98973305954825 month(s),,,,,,,,,,,,,,,,,,,
89,M_137_2013_int_91_days_dist_51_days_FGW,2013-09-22,FGW,7862400s (~13 weeks),51d 0H 0M 0S,days,2013-08-02,2013-05-03,2013-05-03-2013-08-02,"22 Sep, 2013",2.98973305954825 month(s),,,,,,,,,,,,,,,,,,,
90,M_138_2013_int_91_days_dist_101_days_FGW,2013-09-22,FGW,7862400s (~13 weeks),101d 0H 0M 0S,days,2013-06-13,2013-03-14,2013-03-14-2013-06-13,"22 Sep, 2013",2.98973305954825 month(s),,,,,,,,,,,,,,,,,,,
91,M_139_2013_int_7_days_dist_1_days_Allens,2013-09-22,Allens,604800s (~1 weeks),1d 0H 0M 0S,days,2013-09-21,2013-09-14,2013-09-14-2013-09-21,"22 Sep, 2013",0.229979466119097 month(s),,,,,,,,,,,,,,,,,,,
92,M_140_2013_int_7_days_dist_51_days_Allens,2013-09-22,Allens,604800s (~1 weeks),51d 0H 0M 0S,days,2013-08-02,2013-07-26,2013-07-26-2013-08-02,"22 Sep, 2013",0.229979466119097 month(s),,,,,,,,,,,,,,,,,,,
93,M_141_2013_int_7_days_dist_101_days_Allens,2013-09-22,Allens,604800s (~1 weeks),101d 0H 0M 0S,days,2013-06-13,2013-06-06,2013-06-06-2013-06-13,"22 Sep, 2013",0.229979466119097 month(s),,,,,,,,,,,,,,,,,,,
94,M_142_2013_int_91_days_dist_1_days_Allens,2013-09-22,Allens,7862400s (~13 weeks),1d 0H 0M 0S,days,2013-09-21,2013-06-22,2013-06-22-2013-09-21,"22 Sep, 2013",2.98973305954825 month(s),,,,,,,,,,,,,,,,,,,
95,M_143_2013_int_91_days_dist_51_days_Allens,2013-09-22,Allens,7862400s (~13 weeks),51d 0H 0M 0S,days,2013-08-02,2013-05-03,2013-05-03-2013-08-02,"22 Sep, 2013",2.98973305954825 month(s),,,,,,,,,,,,,,,,,,,
96,M_144_2013_int_91_days_dist_101_days_Allens,2013-09-22,Allens,7862400s (~13 weeks),101d 0H 0M 0S,days,2013-06-13,2013-03-14,2013-03-14-2013-06-13,"22 Sep, 2013",2.98973305954825 month(s),,,,,,,,,,,,,,,,,,,
97,M_145_2017_int_7_days_dist_1_days_GT,2017-09-24,GT,604800s (~1 weeks),1d 0H 0M 0S,days,2017-09-23,2017-09-16,2017-09-16-2017-09-23,"24 Sep, 2017",0.229979466119097 month(s),,,,,"c(""CDU + CSU + Angela Merkel"", ""SPD + Martin Schulz"", ""Cem Özdemir + Katrin Göring Eckardt + Grüne"", ""Linke + Sarah Wagenknecht + Dietmar Bartsch"", ""FDP + Christian Lindner""); c(""Alice Weidel + Alexander Gauland + Afd"", ""CDU + CSU + Angela Merkel"", ""SPD + Martin Schulz"", ""Cem Özdemir + Katrin Göring Eckardt + Grüne"", ""FDP + Christian Lindner"")",,,,,,,,,,,,,,
98,M_146_2017_int_7_days_dist_51_days_GT,2017-09-24,GT,604800s (~1 weeks),51d 0H 0M 0S,days,2017-08-04,2017-07-28,2017-07-28-2017-08-04,"24 Sep, 2017",0.229979466119097 month(s),,,,,"c(""CDU + CSU + Angela Merkel"", ""SPD + Martin Schulz"", ""Cem Özdemir + Katrin Göring Eckardt + Grüne"", ""Linke + Sarah Wagenknecht + Dietmar Bartsch"", ""FDP + Christian Lindner""); c(""Alice Weidel + Alexander Gauland + Afd"", ""CDU + CSU + Angela Merkel"", ""SPD + Martin Schulz"", ""Cem Özdemir + Katrin Göring Eckardt + Grüne"", ""FDP + Christian Lindner"")",,,,,,,,,,,,,,
99,M_147_2017_int_7_days_dist_101_days_GT,2017-09-24,GT,604800s (~1 weeks),101d 0H 0M 0S,days,2017-06-15,2017-06-08,2017-06-08-2017-06-15,"24 Sep, 2017",0.229979466119097 month(s),,,,,"c(""CDU + CSU + Angela Merkel"", ""SPD + Martin Schulz"", ""Cem Özdemir + Katrin Göring Eckardt + Grüne"", ""Linke + Sarah Wagenknecht + Dietmar Bartsch"", ""FDP + Christian Lindner""); c(""Alice Weidel + Alexander Gauland + Afd"", ""CDU + CSU + Angela Merkel"", ""SPD + Martin Schulz"", ""Cem Özdemir + Katrin Göring Eckardt + Grüne"", ""FDP + Christian Lindner"")",,,,,,,,,,,,,,
100,M_148_2017_int_91_days_dist_1_days_GT,2017-09-24,GT,7862400s (~13 weeks),1d 0H 0M 0S,days,2017-09-23,2017-06-24,2017-06-24-2017-09-23,"24 Sep, 2017",2.98973305954825 month(s),,,,,"c(""CDU + CSU + Angela Merkel"", ""SPD + Martin Schulz"", ""Cem Özdemir + Katrin Göring Eckardt + Grüne"", ""Linke + Sarah Wagenknecht + Dietmar Bartsch"", ""FDP + Christian Lindner""); c(""Alice Weidel + Alexander Gauland + Afd"", ""CDU + CSU + Angela Merkel"", ""SPD + Martin Schulz"", ""Cem Özdemir + Katrin Göring Eckardt + Grüne"", ""FDP + Christian Lindner"")",,,,,,,,,,,,,,
101,M_149_2017_int_91_days_dist_51_days_GT,2017-09-24,GT,7862400s (~13 weeks),51d 0H 0M 0S,days,2017-08-04,2017-05-05,2017-05-05-2017-08-04,"24 Sep, 2017",2.98973305954825 month(s),,,,,"c(""CDU + CSU + Angela Merkel"", ""SPD + Martin Schulz"", ""Cem Özdemir + Katrin Göring Eckardt + Grüne"", ""Linke + Sarah Wagenknecht + Dietmar Bartsch"", ""FDP + Christian Lindner""); c(""Alice Weidel + Alexander Gauland + Afd"", ""CDU + CSU + Angela Merkel"", ""SPD + Martin Schulz"", ""Cem Özdemir + Katrin Göring Eckardt + Grüne"", ""FDP + Christian Lindner"")",,,,,,,,,,,,,,
102,M_150_2017_int_91_days_dist_101_days_GT,2017-09-24,GT,7862400s (~13 weeks),101d 0H 0M 0S,days,2017-06-15,2017-03-16,2017-03-16-2017-06-15,"24 Sep, 2017",2.98973305954825 month(s),,,,,"c(""CDU + CSU + Angela Merkel"", ""SPD + Martin Schulz"", ""Cem Özdemir + Katrin Göring Eckardt + Grüne"", ""Linke + Sarah Wagenknecht + Dietmar Bartsch"", ""FDP + Christian Lindner""); c(""Alice Weidel + Alexander Gauland + Afd"", ""CDU + CSU + Angela Merkel"", ""SPD + Martin Schulz"", ""Cem Özdemir + Katrin Göring Eckardt + Grüne"", ""FDP + Christian Lindner"")",,,,,,,,,,,,,,
103,M_151_2017_int_7_days_dist_1_days_GT_election_weight,2017-09-24,GT + election weight,604800s (~1 weeks),1d 0H 0M 0S,days,2017-09-23,2017-09-16,2017-09-16-2017-09-23,"24 Sep, 2017",0.229979466119097 month(s),,,,,"c(""CDU + CSU + Angela Merkel"", ""SPD + Martin Schulz"", ""Cem Özdemir + Katrin Göring Eckardt + Grüne"", ""Linke + Sarah Wagenknecht + Dietmar Bartsch"", ""FDP + Christian Lindner""); c(""Alice Weidel + Alexander Gauland + Afd"", ""CDU + CSU + Angela Merkel"", ""SPD + Martin Schulz"", ""Cem Özdemir + Katrin Göring Eckardt + Grüne"", ""FDP + Christian Lindner"")",,,,,,,,,,,,,,
104,M_152_2017_int_7_days_dist_51_days_GT_election_weight,2017-09-24,GT + election weight,604800s (~1 weeks),51d 0H 0M 0S,days,2017-08-04,2017-07-28,2017-07-28-2017-08-04,"24 Sep, 2017",0.229979466119097 month(s),,,,,"c(""CDU + CSU + Angela Merkel"", ""SPD + Martin Schulz"", ""Cem Özdemir + Katrin Göring Eckardt + Grüne"", ""Linke + Sarah Wagenknecht + Dietmar Bartsch"", ""FDP + Christian Lindner""); c(""Alice Weidel + Alexander Gauland + Afd"", ""CDU + CSU + Angela Merkel"", ""SPD + Martin Schulz"", ""Cem Özdemir + Katrin Göring Eckardt + Grüne"", ""FDP + Christian Lindner"")",,,,,,,,,,,,,,
105,M_153_2017_int_7_days_dist_101_days_GT_election_weight,2017-09-24,GT + election weight,604800s (~1 weeks),101d 0H 0M 0S,days,2017-06-15,2017-06-08,2017-06-08-2017-06-15,"24 Sep, 2017",0.229979466119097 month(s),,,,,"c(""CDU + CSU + Angela Merkel"", ""SPD + Martin Schulz"", ""Cem Özdemir + Katrin Göring Eckardt + Grüne"", ""Linke + Sarah Wagenknecht + Dietmar Bartsch"", ""FDP + Christian Lindner""); c(""Alice Weidel + Alexander Gauland + Afd"", ""CDU + CSU + Angela Merkel"", ""SPD + Martin Schulz"", ""Cem Özdemir + Katrin Göring Eckardt + Grüne"", ""FDP + Christian Lindner"")",,,,,,,,,,,,,,
106,M_154_2017_int_91_days_dist_1_days_GT_election_weight,2017-09-24,GT + election weight,7862400s (~13 weeks),1d 0H 0M 0S,days,2017-09-23,2017-06-24,2017-06-24-2017-09-23,"24 Sep, 2017",2.98973305954825 month(s),,,,,"c(""CDU + CSU + Angela Merkel"", ""SPD + Martin Schulz"", ""Cem Özdemir + Katrin Göring Eckardt + Grüne"", ""Linke + Sarah Wagenknecht + Dietmar Bartsch"", ""FDP + Christian Lindner""); c(""Alice Weidel + Alexander Gauland + Afd"", ""CDU + CSU + Angela Merkel"", ""SPD + Martin Schulz"", ""Cem Özdemir + Katrin Göring Eckardt + Grüne"", ""FDP + Christian Lindner"")",,,,,,,,,,,,,,
107,M_155_2017_int_91_days_dist_51_days_GT_election_weight,2017-09-24,GT + election weight,7862400s (~13 weeks),51d 0H 0M 0S,days,2017-08-04,2017-05-05,2017-05-05-2017-08-04,"24 Sep, 2017",2.98973305954825 month(s),,,,,"c(""CDU + CSU + Angela Merkel"", ""SPD + Martin Schulz"", ""Cem Özdemir + Katrin Göring Eckardt + Grüne"", ""Linke + Sarah Wagenknecht + Dietmar Bartsch"", ""FDP + Christian Lindner""); c(""Alice Weidel + Alexander Gauland + Afd"", ""CDU + CSU + Angela Merkel"", ""SPD + Martin Schulz"", ""Cem Özdemir + Katrin Göring Eckardt + Grüne"", ""FDP + Christian Lindner"")",,,,,,,,,,,,,,
108,M_156_2017_int_91_days_dist_101_days_GT_election_weight,2017-09-24,GT + election weight,7862400s (~13 weeks),101d 0H 0M 0S,days,2017-06-15,2017-03-16,2017-03-16-2017-06-15,"24 Sep, 2017",2.98973305954825 month(s),,,,,"c(""CDU + CSU + Angela Merkel"", ""SPD + Martin Schulz"", ""Cem Özdemir + Katrin Göring Eckardt + Grüne"", ""Linke + Sarah Wagenknecht + Dietmar Bartsch"", ""FDP + Christian Lindner""); c(""Alice Weidel + Alexander Gauland + Afd"", ""CDU + CSU + Angela Merkel"", ""SPD + Martin Schulz"", ""Cem Özdemir + Katrin Göring Eckardt + Grüne"", ""FDP + Christian Lindner"")",,,,,,,,,,,,,,
109,M_157_2017_int_7_days_dist_1_days_GT_weekly_polls_weight,2017-09-24,GT + weekly polls weight,604800s (~1 weeks),1d 0H 0M 0S,days,2017-09-23,2017-09-16,2017-09-16-2017-09-23,"24 Sep, 2017",0.229979466119097 month(s),,,,,"c(""CDU + CSU + Angela Merkel"", ""SPD + Martin Schulz"", ""Cem Özdemir + Katrin Göring Eckardt + Grüne"", ""Linke + Sarah Wagenknecht + Dietmar Bartsch"", ""FDP + Christian Lindner""); c(""Alice Weidel + Alexander Gauland + Afd"", ""CDU + CSU + Angela Merkel"", ""SPD + Martin Schulz"", ""Cem Özdemir + Katrin Göring Eckardt + Grüne"", ""FDP + Christian Lindner"")",,,,,,,,,,,,,,
110,M_158_2017_int_7_days_dist_51_days_GT_weekly_polls_weight,2017-09-24,GT + weekly polls weight,604800s (~1 weeks),51d 0H 0M 0S,days,2017-08-04,2017-07-28,2017-07-28-2017-08-04,"24 Sep, 2017",0.229979466119097 month(s),,,,,"c(""CDU + CSU + Angela Merkel"", ""SPD + Martin Schulz"", ""Cem Özdemir + Katrin Göring Eckardt + Grüne"", ""Linke + Sarah Wagenknecht + Dietmar Bartsch"", ""FDP + Christian Lindner""); c(""Alice Weidel + Alexander Gauland + Afd"", ""CDU + CSU + Angela Merkel"", ""SPD + Martin Schulz"", ""Cem Özdemir + Katrin Göring Eckardt + Grüne"", ""FDP + Christian Lindner"")",,,,,,,,,,,,,,
111,M_159_2017_int_7_days_dist_101_days_GT_weekly_polls_weight,2017-09-24,GT + weekly polls weight,604800s (~1 weeks),101d 0H 0M 0S,days,2017-06-15,2017-06-08,2017-06-08-2017-06-15,"24 Sep, 2017",0.229979466119097 month(s),,,,,"c(""CDU + CSU + Angela Merkel"", ""SPD + Martin Schulz"", ""Cem Özdemir + Katrin Göring Eckardt + Grüne"", ""Linke + Sarah Wagenknecht + Dietmar Bartsch"", ""FDP + Christian Lindner""); c(""Alice Weidel + Alexander Gauland + Afd"", ""CDU + CSU + Angela Merkel"", ""SPD + Martin Schulz"", ""Cem Özdemir + Katrin Göring Eckardt + Grüne"", ""FDP + Christian Lindner"")",,,,,,,,,,,,,,
112,M_160_2017_int_91_days_dist_1_days_GT_weekly_polls_weight,2017-09-24,GT + weekly polls weight,7862400s (~13 weeks),1d 0H 0M 0S,days,2017-09-23,2017-06-24,2017-06-24-2017-09-23,"24 Sep, 2017",2.98973305954825 month(s),,,,,"c(""CDU + CSU + Angela Merkel"", ""SPD + Martin Schulz"", ""Cem Özdemir + Katrin Göring Eckardt + Grüne"", ""Linke + Sarah Wagenknecht + Dietmar Bartsch"", ""FDP + Christian Lindner""); c(""Alice Weidel + Alexander Gauland + Afd"", ""CDU + CSU + Angela Merkel"", ""SPD + Martin Schulz"", ""Cem Özdemir + Katrin Göring Eckardt + Grüne"", ""FDP + Christian Lindner"")",,,,,,,,,,,,,,
113,M_161_2017_int_91_days_dist_51_days_GT_weekly_polls_weight,2017-09-24,GT + weekly polls weight,7862400s (~13 weeks),51d 0H 0M 0S,days,2017-08-04,2017-05-05,2017-05-05-2017-08-04,"24 Sep, 2017",2.98973305954825 month(s),,,,,"c(""CDU + CSU + Angela Merkel"", ""SPD + Martin Schulz"", ""Cem Özdemir + Katrin Göring Eckardt + Grüne"", ""Linke + Sarah Wagenknecht + Dietmar Bartsch"", ""FDP + Christian Lindner""); c(""Alice Weidel + Alexander Gauland + Afd"", ""CDU + CSU + Angela Merkel"", ""SPD + Martin Schulz"", ""Cem Özdemir + Katrin Göring Eckardt + Grüne"", ""FDP + Christian Lindner"")",,,,,,,,,,,,,,
114,M_162_2017_int_91_days_dist_101_days_GT_weekly_polls_weight,2017-09-24,GT + weekly polls weight,7862400s (~13 weeks),101d 0H 0M 0S,days,2017-06-15,2017-03-16,2017-03-16-2017-06-15,"24 Sep, 2017",2.98973305954825 month(s),,,,,"c(""CDU + CSU + Angela Merkel"", ""SPD + Martin Schulz"", ""Cem Özdemir + Katrin Göring Eckardt + Grüne"", ""Linke + Sarah Wagenknecht + Dietmar Bartsch"", ""FDP + Christian Lindner""); c(""Alice Weidel + Alexander Gauland + Afd"", ""CDU + CSU + Angela Merkel"", ""SPD + Martin Schulz"", ""Cem Özdemir + Katrin Göring Eckardt + Grüne"", ""FDP + Christian Lindner"")",,,,,,,,,,,,,,
115,M_163_2017_int_7_days_dist_1_days_Infratest,2017-09-24,Infratest,604800s (~1 weeks),1d 0H 0M 0S,days,2017-09-23,2017-09-16,2017-09-16-2017-09-23,"24 Sep, 2017",0.229979466119097 month(s),,,,,,,,,,,,,,,,,,,
116,M_164_2017_int_7_days_dist_51_days_Infratest,2017-09-24,Infratest,604800s (~1 weeks),51d 0H 0M 0S,days,2017-08-04,2017-07-28,2017-07-28-2017-08-04,"24 Sep, 2017",0.229979466119097 month(s),,,,,,,,,,,,,,,,,,,
117,M_165_2017_int_7_days_dist_101_days_Infratest,2017-09-24,Infratest,604800s (~1 weeks),101d 0H 0M 0S,days,2017-06-15,2017-06-08,2017-06-08-2017-06-15,"24 Sep, 2017",0.229979466119097 month(s),,,,,,,,,,,,,,,,,,,
118,M_166_2017_int_91_days_dist_1_days_Infratest,2017-09-24,Infratest,7862400s (~13 weeks),1d 0H 0M 0S,days,2017-09-23,2017-06-24,2017-06-24-2017-09-23,"24 Sep, 2017",2.98973305954825 month(s),,,,,,,,,,,,,,,,,,,
119,M_167_2017_int_91_days_dist_51_days_Infratest,2017-09-24,Infratest,7862400s (~13 weeks),51d 0H 0M 0S,days,2017-08-04,2017-05-05,2017-05-05-2017-08-04,"24 Sep, 2017",2.98973305954825 month(s),,,,,,,,,,,,,,,,,,,
120,M_168_2017_int_91_days_dist_101_days_Infratest,2017-09-24,Infratest,7862400s (~13 weeks),101d 0H 0M 0S,days,2017-06-15,2017-03-16,2017-03-16-2017-06-15,"24 Sep, 2017",2.98973305954825 month(s),,,,,,,,,,,,,,,,,,,
121,M_169_2017_int_7_days_dist_1_days_Forsa,2017-09-24,Forsa,604800s (~1 weeks),1d 0H 0M 0S,days,2017-09-23,2017-09-16,2017-09-16-2017-09-23,"24 Sep, 2017",0.229979466119097 month(s),,,,,,,,,,,,,,,,,,,
122,M_170_2017_int_7_days_dist_51_days_Forsa,2017-09-24,Forsa,604800s (~1 weeks),51d 0H 0M 0S,days,2017-08-04,2017-07-28,2017-07-28-2017-08-04,"24 Sep, 2017",0.229979466119097 month(s),,,,,,,,,,,,,,,,,,,
123,M_171_2017_int_7_days_dist_101_days_Forsa,2017-09-24,Forsa,604800s (~1 weeks),101d 0H 0M 0S,days,2017-06-15,2017-06-08,2017-06-08-2017-06-15,"24 Sep, 2017",0.229979466119097 month(s),,,,,,,,,,,,,,,,,,,
124,M_172_2017_int_91_days_dist_1_days_Forsa,2017-09-24,Forsa,7862400s (~13 weeks),1d 0H 0M 0S,days,2017-09-23,2017-06-24,2017-06-24-2017-09-23,"24 Sep, 2017",2.98973305954825 month(s),,,,,,,,,,,,,,,,,,,
125,M_173_2017_int_91_days_dist_51_days_Forsa,2017-09-24,Forsa,7862400s (~13 weeks),51d 0H 0M 0S,days,2017-08-04,2017-05-05,2017-05-05-2017-08-04,"24 Sep, 2017",2.98973305954825 month(s),,,,,,,,,,,,,,,,,,,
126,M_174_2017_int_91_days_dist_101_days_Forsa,2017-09-24,Forsa,7862400s (~13 weeks),101d 0H 0M 0S,days,2017-06-15,2017-03-16,2017-03-16-2017-06-15,"24 Sep, 2017",2.98973305954825 month(s),,,,,,,,,,,,,,,,,,,
127,M_175_2017_int_7_days_dist_1_days_Kantar,2017-09-24,Kantar,604800s (~1 weeks),1d 0H 0M 0S,days,2017-09-23,2017-09-16,2017-09-16-2017-09-23,"24 Sep, 2017",0.229979466119097 month(s),,,,,,,,,,,,,,,,,,,
128,M_176_2017_int_7_days_dist_51_days_Kantar,2017-09-24,Kantar,604800s (~1 weeks),51d 0H 0M 0S,days,2017-08-04,2017-07-28,2017-07-28-2017-08-04,"24 Sep, 2017",0.229979466119097 month(s),,,,,,,,,,,,,,,,,,,
129,M_177_2017_int_7_days_dist_101_days_Kantar,2017-09-24,Kantar,604800s (~1 weeks),101d 0H 0M 0S,days,2017-06-15,2017-06-08,2017-06-08-2017-06-15,"24 Sep, 2017",0.229979466119097 month(s),,,,,,,,,,,,,,,,,,,
130,M_178_2017_int_91_days_dist_1_days_Kantar,2017-09-24,Kantar,7862400s (~13 weeks),1d 0H 0M 0S,days,2017-09-23,2017-06-24,2017-06-24-2017-09-23,"24 Sep, 2017",2.98973305954825 month(s),,,,,,,,,,,,,,,,,,,
131,M_179_2017_int_91_days_dist_51_days_Kantar,2017-09-24,Kantar,7862400s (~13 weeks),51d 0H 0M 0S,days,2017-08-04,2017-05-05,2017-05-05-2017-08-04,"24 Sep, 2017",2.98973305954825 month(s),,,,,,,,,,,,,,,,,,,
132,M_180_2017_int_91_days_dist_101_days_Kantar,2017-09-24,Kantar,7862400s (~13 weeks),101d 0H 0M 0S,days,2017-06-15,2017-03-16,2017-03-16-2017-06-15,"24 Sep, 2017",2.98973305954825 month(s),,,,,,,,,,,,,,,,,,,
133,M_181_2017_int_7_days_dist_1_days_FGW,2017-09-24,FGW,604800s (~1 weeks),1d 0H 0M 0S,days,2017-09-23,2017-09-16,2017-09-16-2017-09-23,"24 Sep, 2017",0.229979466119097 month(s),,,,,,,,,,,,,,,,,,,
134,M_182_2017_int_7_days_dist_51_days_FGW,2017-09-24,FGW,604800s (~1 weeks),51d 0H 0M 0S,days,2017-08-04,2017-07-28,2017-07-28-2017-08-04,"24 Sep, 2017",0.229979466119097 month(s),,,,,,,,,,,,,,,,,,,
135,M_183_2017_int_7_days_dist_101_days_FGW,2017-09-24,FGW,604800s (~1 weeks),101d 0H 0M 0S,days,2017-06-15,2017-06-08,2017-06-08-2017-06-15,"24 Sep, 2017",0.229979466119097 month(s),,,,,,,,,,,,,,,,,,,
136,M_184_2017_int_91_days_dist_1_days_FGW,2017-09-24,FGW,7862400s (~13 weeks),1d 0H 0M 0S,days,2017-09-23,2017-06-24,2017-06-24-2017-09-23,"24 Sep, 2017",2.98973305954825 month(s),,,,,,,,,,,,,,,,,,,
137,M_185_2017_int_91_days_dist_51_days_FGW,2017-09-24,FGW,7862400s (~13 weeks),51d 0H 0M 0S,days,2017-08-04,2017-05-05,2017-05-05-2017-08-04,"24 Sep, 2017",2.98973305954825 month(s),,,,,,,,,,,,,,,,,,,
138,M_186_2017_int_91_days_dist_101_days_FGW,2017-09-24,FGW,7862400s (~13 weeks),101d 0H 0M 0S,days,2017-06-15,2017-03-16,2017-03-16-2017-06-15,"24 Sep, 2017",2.98973305954825 month(s),,,,,,,,,,,,,,,,,,,
139,M_187_2017_int_7_days_dist_1_days_Allens,2017-09-24,Allens,604800s (~1 weeks),1d 0H 0M 0S,days,2017-09-23,2017-09-16,2017-09-16-2017-09-23,"24 Sep, 2017",0.229979466119097 month(s),,,,,,,,,,,,,,,,,,,
140,M_188_2017_int_7_days_dist_51_days_Allens,2017-09-24,Allens,604800s (~1 weeks),51d 0H 0M 0S,days,2017-08-04,2017-07-28,2017-07-28-2017-08-04,"24 Sep, 2017",0.229979466119097 month(s),,,,,,,,,,,,,,,,,,,
141,M_189_2017_int_7_days_dist_101_days_Allens,2017-09-24,Allens,604800s (~1 weeks),101d 0H 0M 0S,days,2017-06-15,2017-06-08,2017-06-08-2017-06-15,"24 Sep, 2017",0.229979466119097 month(s),,,,,,,,,,,,,,,,,,,
142,M_190_2017_int_91_days_dist_1_days_Allens,2017-09-24,Allens,7862400s (~13 weeks),1d 0H 0M 0S,days,2017-09-23,2017-06-24,2017-06-24-2017-09-23,"24 Sep, 2017",2.98973305954825 month(s),,,,,,,,,,,,,,,,,,,
143,M_191_2017_int_91_days_dist_51_days_Allens,2017-09-24,Allens,7862400s (~13 weeks),51d 0H 0M 0S,days,2017-08-04,2017-05-05,2017-05-05-2017-08-04,"24 Sep, 2017",2.98973305954825 month(s),,,,,,,,,,,,,,,,,,,
144,M_192_2017_int_91_days_dist_101_days_Allens,2017-09-24,Allens,7862400s (~13 weeks),101d 0H 0M 0S,days,2017-06-15,2017-03-16,2017-03-16-2017-06-15,"24 Sep, 2017",2.98973305954825 month(s),,,,,,,,,,,,,,,,,,,
145,M_193_2021_int_7_days_dist_1_days_GT,2021-09-26,GT,604800s (~1 weeks),1d 0H 0M 0S,days,2021-09-25,2021-09-18,2021-09-18-2021-09-25,"26 Sep, 2021",0.229979466119097 month(s),,,,,"c(""CDU + CSU + Armin Laschet"", ""SPD + Olaf Scholz"", ""Annalena Baerbock + Grüne"", ""Linke + Janine Wissler + Dietmar Bartsch"", ""FDP + Christian Lindner""); c(""Alice Weidel + Tino Chrupalla + Afd"", ""CDU + CSU + Armin Laschet"", ""SPD + Olaf Scholz"", ""Annalena Baerbock + Grüne"", ""FDP + Christian Lindner"")",,,,,,,,,,,,,,
146,M_194_2021_int_7_days_dist_51_days_GT,2021-09-26,GT,604800s (~1 weeks),51d 0H 0M 0S,days,2021-08-06,2021-07-30,2021-07-30-2021-08-06,"26 Sep, 2021",0.229979466119097 month(s),,,,,"c(""CDU + CSU + Armin Laschet"", ""SPD + Olaf Scholz"", ""Annalena Baerbock + Grüne"", ""Linke + Janine Wissler + Dietmar Bartsch"", ""FDP + Christian Lindner""); c(""Alice Weidel + Tino Chrupalla + Afd"", ""CDU + CSU + Armin Laschet"", ""SPD + Olaf Scholz"", ""Annalena Baerbock + Grüne"", ""FDP + Christian Lindner"")",,,,,,,,,,,,,,
147,M_195_2021_int_7_days_dist_101_days_GT,2021-09-26,GT,604800s (~1 weeks),101d 0H 0M 0S,days,2021-06-17,2021-06-10,2021-06-10-2021-06-17,"26 Sep, 2021",0.229979466119097 month(s),,,,,"c(""CDU + CSU + Armin Laschet"", ""SPD + Olaf Scholz"", ""Annalena Baerbock + Grüne"", ""Linke + Janine Wissler + Dietmar Bartsch"", ""FDP + Christian Lindner""); c(""Alice Weidel + Tino Chrupalla + Afd"", ""CDU + CSU + Armin Laschet"", ""SPD + Olaf Scholz"", ""Annalena Baerbock + Grüne"", ""FDP + Christian Lindner"")",,,,,,,,,,,,,,
148,M_196_2021_int_91_days_dist_1_days_GT,2021-09-26,GT,7862400s (~13 weeks),1d 0H 0M 0S,days,2021-09-25,2021-06-26,2021-06-26-2021-09-25,"26 Sep, 2021",2.98973305954825 month(s),,,,,"c(""CDU + CSU + Armin Laschet"", ""SPD + Olaf Scholz"", ""Annalena Baerbock + Grüne"", ""Linke + Janine Wissler + Dietmar Bartsch"", ""FDP + Christian Lindner""); c(""Alice Weidel + Tino Chrupalla + Afd"", ""CDU + CSU + Armin Laschet"", ""SPD + Olaf Scholz"", ""Annalena Baerbock + Grüne"", ""FDP + Christian Lindner"")",,,,,,,,,,,,,,
149,M_197_2021_int_91_days_dist_51_days_GT,2021-09-26,GT,7862400s (~13 weeks),51d 0H 0M 0S,days,2021-08-06,2021-05-07,2021-05-07-2021-08-06,"26 Sep, 2021",2.98973305954825 month(s),,,,,"c(""CDU + CSU + Armin Laschet"", ""SPD + Olaf Scholz"", ""Annalena Baerbock + Grüne"", ""Linke + Janine Wissler + Dietmar Bartsch"", ""FDP + Christian Lindner""); c(""Alice Weidel + Tino Chrupalla + Afd"", ""CDU + CSU + Armin Laschet"", ""SPD + Olaf Scholz"", ""Annalena Baerbock + Grüne"", ""FDP + Christian Lindner"")",,,,,,,,,,,,,,
150,M_198_2021_int_91_days_dist_101_days_GT,2021-09-26,GT,7862400s (~13 weeks),101d 0H 0M 0S,days,2021-06-17,2021-03-18,2021-03-18-2021-06-17,"26 Sep, 2021",2.98973305954825 month(s),,,,,"c(""CDU + CSU + Armin Laschet"", ""SPD + Olaf Scholz"", ""Annalena Baerbock + Grüne"", ""Linke + Janine Wissler + Dietmar Bartsch"", ""FDP + Christian Lindner""); c(""Alice Weidel + Tino Chrupalla + Afd"", ""CDU + CSU + Armin Laschet"", ""SPD + Olaf Scholz"", ""Annalena Baerbock + Grüne"", ""FDP + Christian Lindner"")",,,,,,,,,,,,,,
151,M_199_2021_int_7_days_dist_1_days_GT_election_weight,2021-09-26,GT + election weight,604800s (~1 weeks),1d 0H 0M 0S,days,2021-09-25,2021-09-18,2021-09-18-2021-09-25,"26 Sep, 2021",0.229979466119097 month(s),,,,,"c(""CDU + CSU + Armin Laschet"", ""SPD + Olaf Scholz"", ""Annalena Baerbock + Grüne"", ""Linke + Janine Wissler + Dietmar Bartsch"", ""FDP + Christian Lindner""); c(""Alice Weidel + Tino Chrupalla + Afd"", ""CDU + CSU + Armin Laschet"", ""SPD + Olaf Scholz"", ""Annalena Baerbock + Grüne"", ""FDP + Christian Lindner"")",,,,,,,,,,,,,,
152,M_200_2021_int_7_days_dist_51_days_GT_election_weight,2021-09-26,GT + election weight,604800s (~1 weeks),51d 0H 0M 0S,days,2021-08-06,2021-07-30,2021-07-30-2021-08-06,"26 Sep, 2021",0.229979466119097 month(s),,,,,"c(""CDU + CSU + Armin Laschet"", ""SPD + Olaf Scholz"", ""Annalena Baerbock + Grüne"", ""Linke + Janine Wissler + Dietmar Bartsch"", ""FDP + Christian Lindner""); c(""Alice Weidel + Tino Chrupalla + Afd"", ""CDU + CSU + Armin Laschet"", ""SPD + Olaf Scholz"", ""Annalena Baerbock + Grüne"", ""FDP + Christian Lindner"")",,,,,,,,,,,,,,
153,M_201_2021_int_7_days_dist_101_days_GT_election_weight,2021-09-26,GT + election weight,604800s (~1 weeks),101d 0H 0M 0S,days,2021-06-17,2021-06-10,2021-06-10-2021-06-17,"26 Sep, 2021",0.229979466119097 month(s),,,,,"c(""CDU + CSU + Armin Laschet"", ""SPD + Olaf Scholz"", ""Annalena Baerbock + Grüne"", ""Linke + Janine Wissler + Dietmar Bartsch"", ""FDP + Christian Lindner""); c(""Alice Weidel + Tino Chrupalla + Afd"", ""CDU + CSU + Armin Laschet"", ""SPD + Olaf Scholz"", ""Annalena Baerbock + Grüne"", ""FDP + Christian Lindner"")",,,,,,,,,,,,,,
154,M_202_2021_int_91_days_dist_1_days_GT_election_weight,2021-09-26,GT + election weight,7862400s (~13 weeks),1d 0H 0M 0S,days,2021-09-25,2021-06-26,2021-06-26-2021-09-25,"26 Sep, 2021",2.98973305954825 month(s),,,,,"c(""CDU + CSU + Armin Laschet"", ""SPD + Olaf Scholz"", ""Annalena Baerbock + Grüne"", ""Linke + Janine Wissler + Dietmar Bartsch"", ""FDP + Christian Lindner""); c(""Alice Weidel + Tino Chrupalla + Afd"", ""CDU + CSU + Armin Laschet"", ""SPD + Olaf Scholz"", ""Annalena Baerbock + Grüne"", ""FDP + Christian Lindner"")",,,,,,,,,,,,,,
155,M_203_2021_int_91_days_dist_51_days_GT_election_weight,2021-09-26,GT + election weight,7862400s (~13 weeks),51d 0H 0M 0S,days,2021-08-06,2021-05-07,2021-05-07-2021-08-06,"26 Sep, 2021",2.98973305954825 month(s),,,,,"c(""CDU + CSU + Armin Laschet"", ""SPD + Olaf Scholz"", ""Annalena Baerbock + Grüne"", ""Linke + Janine Wissler + Dietmar Bartsch"", ""FDP + Christian Lindner""); c(""Alice Weidel + Tino Chrupalla + Afd"", ""CDU + CSU + Armin Laschet"", ""SPD + Olaf Scholz"", ""Annalena Baerbock + Grüne"", ""FDP + Christian Lindner"")",,,,,,,,,,,,,,
156,M_204_2021_int_91_days_dist_101_days_GT_election_weight,2021-09-26,GT + election weight,7862400s (~13 weeks),101d 0H 0M 0S,days,2021-06-17,2021-03-18,2021-03-18-2021-06-17,"26 Sep, 2021",2.98973305954825 month(s),,,,,"c(""CDU + CSU + Armin Laschet"", ""SPD + Olaf Scholz"", ""Annalena Baerbock + Grüne"", ""Linke + Janine Wissler + Dietmar Bartsch"", ""FDP + Christian Lindner""); c(""Alice Weidel + Tino Chrupalla + Afd"", ""CDU + CSU + Armin Laschet"", ""SPD + Olaf Scholz"", ""Annalena Baerbock + Grüne"", ""FDP + Christian Lindner"")",,,,,,,,,,,,,,
157,M_205_2021_int_7_days_dist_1_days_GT_weekly_polls_weight,2021-09-26,GT + weekly polls weight,604800s (~1 weeks),1d 0H 0M 0S,days,2021-09-25,2021-09-18,2021-09-18-2021-09-25,"26 Sep, 2021",0.229979466119097 month(s),,,,,"c(""CDU + CSU + Armin Laschet"", ""SPD + Olaf Scholz"", ""Annalena Baerbock + Grüne"", ""Linke + Janine Wissler + Dietmar Bartsch"", ""FDP + Christian Lindner""); c(""Alice Weidel + Tino Chrupalla + Afd"", ""CDU + CSU + Armin Laschet"", ""SPD + Olaf Scholz"", ""Annalena Baerbock + Grüne"", ""FDP + Christian Lindner"")",,,,,,,,,,,,,,
158,M_206_2021_int_7_days_dist_51_days_GT_weekly_polls_weight,2021-09-26,GT + weekly polls weight,604800s (~1 weeks),51d 0H 0M 0S,days,2021-08-06,2021-07-30,2021-07-30-2021-08-06,"26 Sep, 2021",0.229979466119097 month(s),,,,,"c(""CDU + CSU + Armin Laschet"", ""SPD + Olaf Scholz"", ""Annalena Baerbock + Grüne"", ""Linke + Janine Wissler + Dietmar Bartsch"", ""FDP + Christian Lindner""); c(""Alice Weidel + Tino Chrupalla + Afd"", ""CDU + CSU + Armin Laschet"", ""SPD + Olaf Scholz"", ""Annalena Baerbock + Grüne"", ""FDP + Christian Lindner"")",,,,,,,,,,,,,,
159,M_207_2021_int_7_days_dist_101_days_GT_weekly_polls_weight,2021-09-26,GT + weekly polls weight,604800s (~1 weeks),101d 0H 0M 0S,days,2021-06-17,2021-06-10,2021-06-10-2021-06-17,"26 Sep, 2021",0.229979466119097 month(s),,,,,"c(""CDU + CSU + Armin Laschet"", ""SPD + Olaf Scholz"", ""Annalena Baerbock + Grüne"", ""Linke + Janine Wissler + Dietmar Bartsch"", ""FDP + Christian Lindner""); c(""Alice Weidel + Tino Chrupalla + Afd"", ""CDU + CSU + Armin Laschet"", ""SPD + Olaf Scholz"", ""Annalena Baerbock + Grüne"", ""FDP + Christian Lindner"")",,,,,,,,,,,,,,
160,M_208_2021_int_91_days_dist_1_days_GT_weekly_polls_weight,2021-09-26,GT + weekly polls weight,7862400s (~13 weeks),1d 0H 0M 0S,days,2021-09-25,2021-06-26,2021-06-26-2021-09-25,"26 Sep, 2021",2.98973305954825 month(s),,,,,"c(""CDU + CSU + Armin Laschet"", ""SPD + Olaf Scholz"", ""Annalena Baerbock + Grüne"", ""Linke + Janine Wissler + Dietmar Bartsch"", ""FDP + Christian Lindner""); c(""Alice Weidel + Tino Chrupalla + Afd"", ""CDU + CSU + Armin Laschet"", ""SPD + Olaf Scholz"", ""Annalena Baerbock + Grüne"", ""FDP + Christian Lindner"")",,,,,,,,,,,,,,
161,M_209_2021_int_91_days_dist_51_days_GT_weekly_polls_weight,2021-09-26,GT + weekly polls weight,7862400s (~13 weeks),51d 0H 0M 0S,days,2021-08-06,2021-05-07,2021-05-07-2021-08-06,"26 Sep, 2021",2.98973305954825 month(s),,,,,"c(""CDU + CSU + Armin Laschet"", ""SPD + Olaf Scholz"", ""Annalena Baerbock + Grüne"", ""Linke + Janine Wissler + Dietmar Bartsch"", ""FDP + Christian Lindner""); c(""Alice Weidel + Tino Chrupalla + Afd"", ""CDU + CSU + Armin Laschet"", ""SPD + Olaf Scholz"", ""Annalena Baerbock + Grüne"", ""FDP + Christian Lindner"")",,,,,,,,,,,,,,
162,M_210_2021_int_91_days_dist_101_days_GT_weekly_polls_weight,2021-09-26,GT + weekly polls weight,7862400s (~13 weeks),101d 0H 0M 0S,days,2021-06-17,2021-03-18,2021-03-18-2021-06-17,"26 Sep, 2021",2.98973305954825 month(s),,,,,"c(""CDU + CSU + Armin Laschet"", ""SPD + Olaf Scholz"", ""Annalena Baerbock + Grüne"", ""Linke + Janine Wissler + Dietmar Bartsch"", ""FDP + Christian Lindner""); c(""Alice Weidel + Tino Chrupalla + Afd"", ""CDU + CSU + Armin Laschet"", ""SPD + Olaf Scholz"", ""Annalena Baerbock + Grüne"", ""FDP + Christian Lindner"")",,,,,,,,,,,,,,
163,M_211_2021_int_7_days_dist_1_days_Infratest,2021-09-26,Infratest,604800s (~1 weeks),1d 0H 0M 0S,days,2021-09-25,2021-09-18,2021-09-18-2021-09-25,"26 Sep, 2021",0.229979466119097 month(s),,,,,,,,,,,,,,,,,,,
164,M_212_2021_int_7_days_dist_51_days_Infratest,2021-09-26,Infratest,604800s (~1 weeks),51d 0H 0M 0S,days,2021-08-06,2021-07-30,2021-07-30-2021-08-06,"26 Sep, 2021",0.229979466119097 month(s),,,,,,,,,,,,,,,,,,,
165,M_213_2021_int_7_days_dist_101_days_Infratest,2021-09-26,Infratest,604800s (~1 weeks),101d 0H 0M 0S,days,2021-06-17,2021-06-10,2021-06-10-2021-06-17,"26 Sep, 2021",0.229979466119097 month(s),,,,,,,,,,,,,,,,,,,
166,M_214_2021_int_91_days_dist_1_days_Infratest,2021-09-26,Infratest,7862400s (~13 weeks),1d 0H 0M 0S,days,2021-09-25,2021-06-26,2021-06-26-2021-09-25,"26 Sep, 2021",2.98973305954825 month(s),,,,,,,,,,,,,,,,,,,
167,M_215_2021_int_91_days_dist_51_days_Infratest,2021-09-26,Infratest,7862400s (~13 weeks),51d 0H 0M 0S,days,2021-08-06,2021-05-07,2021-05-07-2021-08-06,"26 Sep, 2021",2.98973305954825 month(s),,,,,,,,,,,,,,,,,,,
168,M_216_2021_int_91_days_dist_101_days_Infratest,2021-09-26,Infratest,7862400s (~13 weeks),101d 0H 0M 0S,days,2021-06-17,2021-03-18,2021-03-18-2021-06-17,"26 Sep, 2021",2.98973305954825 month(s),,,,,,,,,,,,,,,,,,,
169,M_217_2021_int_7_days_dist_1_days_Forsa,2021-09-26,Forsa,604800s (~1 weeks),1d 0H 0M 0S,days,2021-09-25,2021-09-18,2021-09-18-2021-09-25,"26 Sep, 2021",0.229979466119097 month(s),,,,,,,,,,,,,,,,,,,
170,M_218_2021_int_7_days_dist_51_days_Forsa,2021-09-26,Forsa,604800s (~1 weeks),51d 0H 0M 0S,days,2021-08-06,2021-07-30,2021-07-30-2021-08-06,"26 Sep, 2021",0.229979466119097 month(s),,,,,,,,,,,,,,,,,,,
171,M_219_2021_int_7_days_dist_101_days_Forsa,2021-09-26,Forsa,604800s (~1 weeks),101d 0H 0M 0S,days,2021-06-17,2021-06-10,2021-06-10-2021-06-17,"26 Sep, 2021",0.229979466119097 month(s),,,,,,,,,,,,,,,,,,,
172,M_220_2021_int_91_days_dist_1_days_Forsa,2021-09-26,Forsa,7862400s (~13 weeks),1d 0H 0M 0S,days,2021-09-25,2021-06-26,2021-06-26-2021-09-25,"26 Sep, 2021",2.98973305954825 month(s),,,,,,,,,,,,,,,,,,,
173,M_221_2021_int_91_days_dist_51_days_Forsa,2021-09-26,Forsa,7862400s (~13 weeks),51d 0H 0M 0S,days,2021-08-06,2021-05-07,2021-05-07-2021-08-06,"26 Sep, 2021",2.98973305954825 month(s),,,,,,,,,,,,,,,,,,,
174,M_222_2021_int_91_days_dist_101_days_Forsa,2021-09-26,Forsa,7862400s (~13 weeks),101d 0H 0M 0S,days,2021-06-17,2021-03-18,2021-03-18-2021-06-17,"26 Sep, 2021",2.98973305954825 month(s),,,,,,,,,,,,,,,,,,,
175,M_223_2021_int_7_days_dist_1_days_Kantar,2021-09-26,Kantar,604800s (~1 weeks),1d 0H 0M 0S,days,2021-09-25,2021-09-18,2021-09-18-2021-09-25,"26 Sep, 2021",0.229979466119097 month(s),,,,,,,,,,,,,,,,,,,
176,M_224_2021_int_7_days_dist_51_days_Kantar,2021-09-26,Kantar,604800s (~1 weeks),51d 0H 0M 0S,days,2021-08-06,2021-07-30,2021-07-30-2021-08-06,"26 Sep, 2021",0.229979466119097 month(s),,,,,,,,,,,,,,,,,,,
177,M_225_2021_int_7_days_dist_101_days_Kantar,2021-09-26,Kantar,604800s (~1 weeks),101d 0H 0M 0S,days,2021-06-17,2021-06-10,2021-06-10-2021-06-17,"26 Sep, 2021",0.229979466119097 month(s),,,,,,,,,,,,,,,,,,,
178,M_226_2021_int_91_days_dist_1_days_Kantar,2021-09-26,Kantar,7862400s (~13 weeks),1d 0H 0M 0S,days,2021-09-25,2021-06-26,2021-06-26-2021-09-25,"26 Sep, 2021",2.98973305954825 month(s),,,,,,,,,,,,,,,,,,,
179,M_227_2021_int_91_days_dist_51_days_Kantar,2021-09-26,Kantar,7862400s (~13 weeks),51d 0H 0M 0S,days,2021-08-06,2021-05-07,2021-05-07-2021-08-06,"26 Sep, 2021",2.98973305954825 month(s),,,,,,,,,,,,,,,,,,,
180,M_228_2021_int_91_days_dist_101_days_Kantar,2021-09-26,Kantar,7862400s (~13 weeks),101d 0H 0M 0S,days,2021-06-17,2021-03-18,2021-03-18-2021-06-17,"26 Sep, 2021",2.98973305954825 month(s),,,,,,,,,,,,,,,,,,,
181,M_229_2021_int_7_days_dist_1_days_FGW,2021-09-26,FGW,604800s (~1 weeks),1d 0H 0M 0S,days,2021-09-25,2021-09-18,2021-09-18-2021-09-25,"26 Sep, 2021",0.229979466119097 month(s),,,,,,,,,,,,,,,,,,,
182,M_230_2021_int_7_days_dist_51_days_FGW,2021-09-26,FGW,604800s (~1 weeks),51d 0H 0M 0S,days,2021-08-06,2021-07-30,2021-07-30-2021-08-06,"26 Sep, 2021",0.229979466119097 month(s),,,,,,,,,,,,,,,,,,,
183,M_231_2021_int_7_days_dist_101_days_FGW,2021-09-26,FGW,604800s (~1 weeks),101d 0H 0M 0S,days,2021-06-17,2021-06-10,2021-06-10-2021-06-17,"26 Sep, 2021",0.229979466119097 month(s),,,,,,,,,,,,,,,,,,,
184,M_232_2021_int_91_days_dist_1_days_FGW,2021-09-26,FGW,7862400s (~13 weeks),1d 0H 0M 0S,days,2021-09-25,2021-06-26,2021-06-26-2021-09-25,"26 Sep, 2021",2.98973305954825 month(s),,,,,,,,,,,,,,,,,,,
185,M_233_2021_int_91_days_dist_51_days_FGW,2021-09-26,FGW,7862400s (~13 weeks),51d 0H 0M 0S,days,2021-08-06,2021-05-07,2021-05-07-2021-08-06,"26 Sep, 2021",2.98973305954825 month(s),,,,,,,,,,,,,,,,,,,
186,M_234_2021_int_91_days_dist_101_days_FGW,2021-09-26,FGW,7862400s (~13 weeks),101d 0H 0M 0S,days,2021-06-17,2021-03-18,2021-03-18-2021-06-17,"26 Sep, 2021",2.98973305954825 month(s),,,,,,,,,,,,,,,,,,,
187,M_235_2021_int_7_days_dist_1_days_Allens,2021-09-26,Allens,604800s (~1 weeks),1d 0H 0M 0S,days,2021-09-25,2021-09-18,2021-09-18-2021-09-25,"26 Sep, 2021",0.229979466119097 month(s),,,,,,,,,,,,,,,,,,,
188,M_236_2021_int_7_days_dist_51_days_Allens,2021-09-26,Allens,604800s (~1 weeks),51d 0H 0M 0S,days,2021-08-06,2021-07-30,2021-07-30-2021-08-06,"26 Sep, 2021",0.229979466119097 month(s),,,,,,,,,,,,,,,,,,,
189,M_237_2021_int_7_days_dist_101_days_Allens,2021-09-26,Allens,604800s (~1 weeks),101d 0H 0M 0S,days,2021-06-17,2021-06-10,2021-06-10-2021-06-17,"26 Sep, 2021",0.229979466119097 month(s),,,,,,,,,,,,,,,,,,,
190,M_238_2021_int_91_days_dist_1_days_Allens,2021-09-26,Allens,7862400s (~13 weeks),1d 0H 0M 0S,days,2021-09-25,2021-06-26,2021-06-26-2021-09-25,"26 Sep, 2021",2.98973305954825 month(s),,,,,,,,,,,,,,,,,,,
191,M_239_2021_int_91_days_dist_51_days_Allens,2021-09-26,Allens,7862400s (~13 weeks),51d 0H 0M 0S,days,2021-08-06,2021-05-07,2021-05-07-2021-08-06,"26 Sep, 2021",2.98973305954825 month(s),,,,,,,,,,,,,,,,,,,
192,M_240_2021_int_91_days_dist_101_days_Allens,2021-09-26,Allens,7862400s (~13 weeks),101d 0H 0M 0S,days,2021-06-17,2021-03-18,2021-03-18-2021-06-17,"26 Sep, 2021",2.98973305954825 month(s),,,,,,,,,,,,,,,,,,,
