name,trend_05,check,trend_05_identical,trend_09,trend_09_identical,trend_AFD_13,trend_AFD_13_identical,trend_AFD_17,trend_AFD_17_identical,trend_AFD_21,trend_AFD_21_identical,trend_CDU_13,trend_CDU_13_identical,trend_CDU_17,trend_CDU_17_identical,trend_CDU_21,trend_CDU_21_identical,trend_sonst_05,trend_sonst_05_identical,trend_sonst_09,trend_sonst_09_identical,trend_sonst_13,trend_sonst_13_identical,trend_sonst_17,trend_sonst_17_identical,trend_sonst_21,trend_sonst_21_identical,no_dataset_identical,how_many_dataset_identical
2022-11-27 11-31-14.RData,,,NA,,NA,,NA,,NA,,NA,,NA,,NA,,NA,,NA,,NA,,NA,,NA,,NA,TRUE,0
2022-11-27 12-31-32.RData,,TRUE_TRUE_TRUE_TRUE_FALSE_TRUE_TRUE_FALSE_TRUE_TRUE_TRUE_TRUE_FALSE,TRUE,,TRUE,,TRUE,,TRUE,,FALSE,,TRUE,,TRUE,,FALSE,,TRUE,,TRUE,,TRUE,,TRUE,,FALSE,FALSE,10
2022-11-27 13-31-12.RData,,TRUE_TRUE_TRUE_TRUE_TRUE_TRUE_TRUE_TRUE_TRUE_TRUE_TRUE_TRUE_TRUE,TRUE,,TRUE,,TRUE,,TRUE,,TRUE,,TRUE,,TRUE,,TRUE,,TRUE,,TRUE,,TRUE,,TRUE,,TRUE,FALSE,13
2022-11-27 14-31-12.RData,,TRUE_TRUE_TRUE_TRUE_TRUE_TRUE_TRUE_TRUE_TRUE_TRUE_TRUE_TRUE_TRUE,TRUE,,TRUE,,TRUE,,TRUE,,TRUE,,TRUE,,TRUE,,TRUE,,TRUE,,TRUE,,TRUE,,TRUE,,TRUE,FALSE,13
2022-11-27 15-31-13.RData,,TRUE_TRUE_TRUE_TRUE_TRUE_TRUE_TRUE_TRUE_TRUE_TRUE_TRUE_TRUE_TRUE,TRUE,,TRUE,,TRUE,,TRUE,,TRUE,,TRUE,,TRUE,,TRUE,,TRUE,,TRUE,,TRUE,,TRUE,,TRUE,FALSE,13
2022-11-27 16-31-12.RData,,TRUE_TRUE_TRUE_TRUE_TRUE_TRUE_TRUE_TRUE_TRUE_TRUE_TRUE_TRUE_TRUE,TRUE,,TRUE,,TRUE,,TRUE,,TRUE,,TRUE,,TRUE,,TRUE,,TRUE,,TRUE,,TRUE,,TRUE,,TRUE,FALSE,13
2022-11-27 17-31-12.RData,,TRUE_TRUE_TRUE_TRUE_TRUE_TRUE_TRUE_TRUE_TRUE_TRUE_TRUE_TRUE_TRUE,TRUE,,TRUE,,TRUE,,TRUE,,TRUE,,TRUE,,TRUE,,TRUE,,TRUE,,TRUE,,TRUE,,TRUE,,TRUE,FALSE,13
2022-11-27 18-31-15.RData,,FALSE_FALSE_FALSE_FALSE_FALSE_FALSE_FALSE_FALSE_FALSE_FALSE_FALSE_FALSE_FALSE,FALSE,,FALSE,,FALSE,,FALSE,,FALSE,,FALSE,,FALSE,,FALSE,,FALSE,,FALSE,,FALSE,,FALSE,,FALSE,TRUE,0
2022-11-27 19-31-13.RData,,TRUE_TRUE_TRUE_FALSE_TRUE_TRUE_FALSE_TRUE_TRUE_TRUE_TRUE_FALSE_TRUE,TRUE,,TRUE,,TRUE,,FALSE,,TRUE,,TRUE,,FALSE,,TRUE,,TRUE,,TRUE,,TRUE,,FALSE,,TRUE,FALSE,10
2022-11-27 20-31-12.RData,,TRUE_FALSE_FALSE_FALSE_FALSE_FALSE_FALSE_FALSE_TRUE_FALSE_FALSE_FALSE_FALSE,TRUE,,FALSE,,FALSE,,FALSE,,FALSE,,FALSE,,FALSE,,FALSE,,TRUE,,FALSE,,FALSE,,FALSE,,FALSE,FALSE,2
2022-11-27 21-31-12.RData,,TRUE_TRUE_TRUE_TRUE_TRUE_TRUE_TRUE_TRUE_TRUE_TRUE_TRUE_TRUE_TRUE,TRUE,,TRUE,,TRUE,,TRUE,,TRUE,,TRUE,,TRUE,,TRUE,,TRUE,,TRUE,,TRUE,,TRUE,,TRUE,FALSE,13
2022-11-27 22-31-13.RData,,TRUE_FALSE_FALSE_FALSE_TRUE_FALSE_TRUE_TRUE_TRUE_FALSE_FALSE_TRUE_TRUE,TRUE,,FALSE,,FALSE,,FALSE,,TRUE,,FALSE,,TRUE,,TRUE,,TRUE,,FALSE,,FALSE,,TRUE,,TRUE,FALSE,7
2022-11-27 23-31-14.RData,,FALSE_FALSE_TRUE_TRUE_TRUE_FALSE_TRUE_TRUE_FALSE_FALSE_FALSE_FALSE_TRUE,FALSE,,FALSE,,TRUE,,TRUE,,TRUE,,FALSE,,TRUE,,TRUE,,FALSE,,FALSE,,FALSE,,FALSE,,TRUE,FALSE,6
2022-11-28 00-31-13.RData,,FALSE_TRUE_TRUE_TRUE_FALSE_TRUE_TRUE_FALSE_TRUE_TRUE_TRUE_TRUE_FALSE,FALSE,,TRUE,,TRUE,,TRUE,,FALSE,,TRUE,,TRUE,,FALSE,,TRUE,,TRUE,,TRUE,,TRUE,,FALSE,FALSE,9
2022-11-28 01-31-15.RData,,TRUE_TRUE_TRUE_TRUE_TRUE_TRUE_TRUE_FALSE_FALSE_TRUE_TRUE_TRUE_TRUE,TRUE,,TRUE,,TRUE,,TRUE,,TRUE,,TRUE,,TRUE,,FALSE,,FALSE,,TRUE,,TRUE,,TRUE,,TRUE,FALSE,11
2022-11-28 02-31-12.RData,,TRUE_TRUE_TRUE_TRUE_TRUE_TRUE_TRUE_TRUE_TRUE_TRUE_TRUE_TRUE_TRUE,TRUE,,TRUE,,TRUE,,TRUE,,TRUE,,TRUE,,TRUE,,TRUE,,TRUE,,TRUE,,TRUE,,TRUE,,TRUE,FALSE,13
2022-11-28 03-31-13.RData,,TRUE_TRUE_FALSE_TRUE_FALSE_TRUE_TRUE_TRUE_TRUE_TRUE_TRUE_TRUE_FALSE,TRUE,,TRUE,,FALSE,,TRUE,,FALSE,,TRUE,,TRUE,,TRUE,,TRUE,,TRUE,,TRUE,,TRUE,,FALSE,FALSE,10
2022-11-28 04-31-12.RData,,TRUE_TRUE_TRUE_TRUE_TRUE_TRUE_TRUE_TRUE_TRUE_TRUE_TRUE_TRUE_TRUE,TRUE,,TRUE,,TRUE,,TRUE,,TRUE,,TRUE,,TRUE,,TRUE,,TRUE,,TRUE,,TRUE,,TRUE,,TRUE,FALSE,13
2022-11-28 05-31-12.RData,,TRUE_TRUE_TRUE_TRUE_TRUE_TRUE_TRUE_TRUE_TRUE_TRUE_TRUE_TRUE_TRUE,TRUE,,TRUE,,TRUE,,TRUE,,TRUE,,TRUE,,TRUE,,TRUE,,TRUE,,TRUE,,TRUE,,TRUE,,TRUE,FALSE,13
2022-11-28 06-31-12.RData,,TRUE_TRUE_TRUE_TRUE_TRUE_TRUE_TRUE_TRUE_TRUE_TRUE_TRUE_TRUE_TRUE,TRUE,,TRUE,,TRUE,,TRUE,,TRUE,,TRUE,,TRUE,,TRUE,,TRUE,,TRUE,,TRUE,,TRUE,,TRUE,FALSE,13
2022-11-28 07-31-12.RData,,TRUE_TRUE_TRUE_TRUE_TRUE_TRUE_TRUE_TRUE_TRUE_TRUE_TRUE_TRUE_TRUE,TRUE,,TRUE,,TRUE,,TRUE,,TRUE,,TRUE,,TRUE,,TRUE,,TRUE,,TRUE,,TRUE,,TRUE,,TRUE,FALSE,13
2022-11-28 08-31-13.RData,,TRUE_TRUE_TRUE_FALSE_TRUE_TRUE_FALSE_TRUE_TRUE_TRUE_TRUE_FALSE_TRUE,TRUE,,TRUE,,TRUE,,FALSE,,TRUE,,TRUE,,FALSE,,TRUE,,TRUE,,TRUE,,TRUE,,FALSE,,TRUE,FALSE,10
2022-11-28 09-31-12.RData,,TRUE_TRUE_TRUE_TRUE_TRUE_TRUE_TRUE_TRUE_TRUE_FALSE_TRUE_TRUE_TRUE,TRUE,,TRUE,,TRUE,,TRUE,,TRUE,,TRUE,,TRUE,,TRUE,,TRUE,,FALSE,,TRUE,,TRUE,,TRUE,FALSE,12
2022-11-28 10-31-12.RData,,TRUE_FALSE_TRUE_TRUE_TRUE_TRUE_TRUE_TRUE_TRUE_TRUE_TRUE_TRUE_TRUE,TRUE,,FALSE,,TRUE,,TRUE,,TRUE,,TRUE,,TRUE,,TRUE,,TRUE,,TRUE,,TRUE,,TRUE,,TRUE,FALSE,12
2022-11-28 11-31-13.RData,,TRUE_TRUE_TRUE_TRUE_TRUE_TRUE_TRUE_TRUE_TRUE_TRUE_TRUE_TRUE_TRUE,TRUE,,TRUE,,TRUE,,TRUE,,TRUE,,TRUE,,TRUE,,TRUE,,TRUE,,TRUE,,TRUE,,TRUE,,TRUE,FALSE,13
2022-11-28 12-31-13.RData,,FALSE_TRUE_TRUE_TRUE_FALSE_TRUE_TRUE_FALSE_FALSE_TRUE_TRUE_TRUE_FALSE,FALSE,,TRUE,,TRUE,,TRUE,,FALSE,,TRUE,,TRUE,,FALSE,,FALSE,,TRUE,,TRUE,,TRUE,,FALSE,FALSE,8
2022-11-28 13-31-14.RData,,TRUE_TRUE_TRUE_TRUE_TRUE_TRUE_TRUE_TRUE_TRUE_TRUE_TRUE_TRUE_TRUE,TRUE,,TRUE,,TRUE,,TRUE,,TRUE,,TRUE,,TRUE,,TRUE,,TRUE,,TRUE,,TRUE,,TRUE,,TRUE,FALSE,13
2022-11-28 14-31-13.RData,,TRUE_TRUE_TRUE_TRUE_TRUE_TRUE_TRUE_TRUE_TRUE_TRUE_TRUE_TRUE_TRUE,TRUE,,TRUE,,TRUE,,TRUE,,TRUE,,TRUE,,TRUE,,TRUE,,TRUE,,TRUE,,TRUE,,TRUE,,TRUE,FALSE,13
2022-11-28 15-31-12.RData,,TRUE_TRUE_TRUE_TRUE_TRUE_TRUE_TRUE_TRUE_TRUE_TRUE_TRUE_TRUE_TRUE,TRUE,,TRUE,,TRUE,,TRUE,,TRUE,,TRUE,,TRUE,,TRUE,,TRUE,,TRUE,,TRUE,,TRUE,,TRUE,FALSE,13
2022-11-28 16-31-13.RData,,TRUE_TRUE_TRUE_TRUE_TRUE_TRUE_TRUE_TRUE_TRUE_TRUE_TRUE_TRUE_TRUE,TRUE,,TRUE,,TRUE,,TRUE,,TRUE,,TRUE,,TRUE,,TRUE,,TRUE,,TRUE,,TRUE,,TRUE,,TRUE,FALSE,13
2022-11-28 17-31-12.RData,,TRUE_TRUE_TRUE_TRUE_TRUE_TRUE_TRUE_TRUE_TRUE_TRUE_TRUE_TRUE_TRUE,TRUE,,TRUE,,TRUE,,TRUE,,TRUE,,TRUE,,TRUE,,TRUE,,TRUE,,TRUE,,TRUE,,TRUE,,TRUE,FALSE,13
2022-11-28 18-31-13.RData,,FALSE_FALSE_FALSE_FALSE_FALSE_FALSE_FALSE_FALSE_FALSE_FALSE_FALSE_FALSE_FALSE,FALSE,,FALSE,,FALSE,,FALSE,,FALSE,,FALSE,,FALSE,,FALSE,,FALSE,,FALSE,,FALSE,,FALSE,,FALSE,TRUE,0
2022-11-28 21-31-16.RData,,FALSE_FALSE_FALSE_FALSE_FALSE_FALSE_FALSE_FALSE_FALSE_FALSE_FALSE_FALSE_FALSE,FALSE,,FALSE,,FALSE,,FALSE,,FALSE,,FALSE,,FALSE,,FALSE,,FALSE,,FALSE,,FALSE,,FALSE,,FALSE,TRUE,0
2022-11-28 22-31-13.RData,,TRUE_FALSE_FALSE_FALSE_TRUE_FALSE_TRUE_TRUE_TRUE_FALSE_FALSE_TRUE_TRUE,TRUE,,FALSE,,FALSE,,FALSE,,TRUE,,FALSE,,TRUE,,TRUE,,TRUE,,FALSE,,FALSE,,TRUE,,TRUE,FALSE,7
2022-11-28 23-31-16.RData,,FALSE_FALSE_FALSE_FALSE_FALSE_FALSE_FALSE_FALSE_FALSE_FALSE_FALSE_FALSE_FALSE,FALSE,,FALSE,,FALSE,,FALSE,,FALSE,,FALSE,,FALSE,,FALSE,,FALSE,,FALSE,,FALSE,,FALSE,,FALSE,TRUE,0
2022-11-29 00-31-13.RData,,TRUE_TRUE_TRUE_TRUE_FALSE_TRUE_TRUE_TRUE_TRUE_TRUE_TRUE_TRUE_FALSE,TRUE,,TRUE,,TRUE,,TRUE,,FALSE,,TRUE,,TRUE,,TRUE,,TRUE,,TRUE,,TRUE,,TRUE,,FALSE,FALSE,11
2022-11-29 01-31-13.RData,,FALSE_TRUE_TRUE_TRUE_FALSE_TRUE_TRUE_FALSE_TRUE_TRUE_TRUE_TRUE_TRUE,FALSE,,TRUE,,TRUE,,TRUE,,FALSE,,TRUE,,TRUE,,FALSE,,TRUE,,TRUE,,TRUE,,TRUE,,TRUE,FALSE,10
2022-11-29 02-31-13.RData,,FALSE_TRUE_TRUE_TRUE_TRUE_TRUE_TRUE_FALSE_FALSE_TRUE_TRUE_TRUE_TRUE,FALSE,,TRUE,,TRUE,,TRUE,,TRUE,,TRUE,,TRUE,,FALSE,,FALSE,,TRUE,,TRUE,,TRUE,,TRUE,FALSE,10
2022-11-29 03-31-13.RData,,TRUE_TRUE_TRUE_TRUE_TRUE_TRUE_TRUE_TRUE_TRUE_TRUE_TRUE_TRUE_TRUE,TRUE,,TRUE,,TRUE,,TRUE,,TRUE,,TRUE,,TRUE,,TRUE,,TRUE,,TRUE,,TRUE,,TRUE,,TRUE,FALSE,13
2022-11-29 04-31-13.RData,,TRUE_TRUE_FALSE_TRUE_FALSE_TRUE_TRUE_TRUE_TRUE_TRUE_TRUE_TRUE_FALSE,TRUE,,TRUE,,FALSE,,TRUE,,FALSE,,TRUE,,TRUE,,TRUE,,TRUE,,TRUE,,TRUE,,TRUE,,FALSE,FALSE,10
2022-11-29 05-31-12.RData,,TRUE_TRUE_TRUE_TRUE_TRUE_TRUE_TRUE_TRUE_TRUE_TRUE_TRUE_TRUE_TRUE,TRUE,,TRUE,,TRUE,,TRUE,,TRUE,,TRUE,,TRUE,,TRUE,,TRUE,,TRUE,,TRUE,,TRUE,,TRUE,FALSE,13
2022-11-29 06-31-13.RData,,TRUE_TRUE_TRUE_TRUE_TRUE_TRUE_TRUE_TRUE_TRUE_TRUE_TRUE_TRUE_TRUE,TRUE,,TRUE,,TRUE,,TRUE,,TRUE,,TRUE,,TRUE,,TRUE,,TRUE,,TRUE,,TRUE,,TRUE,,TRUE,FALSE,13
2022-11-29 07-31-13.RData,,TRUE_TRUE_TRUE_TRUE_TRUE_TRUE_TRUE_TRUE_TRUE_TRUE_TRUE_TRUE_TRUE,TRUE,,TRUE,,TRUE,,TRUE,,TRUE,,TRUE,,TRUE,,TRUE,,TRUE,,TRUE,,TRUE,,TRUE,,TRUE,FALSE,13
2022-11-29 08-31-13.RData,,TRUE_TRUE_TRUE_TRUE_TRUE_TRUE_TRUE_TRUE_TRUE_TRUE_TRUE_TRUE_TRUE,TRUE,,TRUE,,TRUE,,TRUE,,TRUE,,TRUE,,TRUE,,TRUE,,TRUE,,TRUE,,TRUE,,TRUE,,TRUE,FALSE,13
2022-11-29 09-31-15.RData,,FALSE_FALSE_FALSE_FALSE_FALSE_FALSE_FALSE_FALSE_FALSE_FALSE_FALSE_FALSE_FALSE,FALSE,,FALSE,,FALSE,,FALSE,,FALSE,,FALSE,,FALSE,,FALSE,,FALSE,,FALSE,,FALSE,,FALSE,,FALSE,TRUE,0
2022-11-29 10-31-13.RData,,TRUE_FALSE_TRUE_TRUE_TRUE_TRUE_TRUE_TRUE_TRUE_TRUE_TRUE_TRUE_TRUE,TRUE,,FALSE,,TRUE,,TRUE,,TRUE,,TRUE,,TRUE,,TRUE,,TRUE,,TRUE,,TRUE,,TRUE,,TRUE,FALSE,12
2022-11-29 11-31-13.RData,,TRUE_TRUE_TRUE_TRUE_TRUE_TRUE_TRUE_TRUE_TRUE_TRUE_TRUE_TRUE_TRUE,TRUE,,TRUE,,TRUE,,TRUE,,TRUE,,TRUE,,TRUE,,TRUE,,TRUE,,TRUE,,TRUE,,TRUE,,TRUE,FALSE,13
2022-11-29 12-31-13.RData,,TRUE_TRUE_TRUE_TRUE_TRUE_TRUE_TRUE_TRUE_TRUE_TRUE_TRUE_TRUE_TRUE,TRUE,,TRUE,,TRUE,,TRUE,,TRUE,,TRUE,,TRUE,,TRUE,,TRUE,,TRUE,,TRUE,,TRUE,,TRUE,FALSE,13
2022-11-29 13-31-14.RData,,TRUE_TRUE_TRUE_TRUE_TRUE_TRUE_TRUE_TRUE_TRUE_TRUE_TRUE_TRUE_TRUE,TRUE,,TRUE,,TRUE,,TRUE,,TRUE,,TRUE,,TRUE,,TRUE,,TRUE,,TRUE,,TRUE,,TRUE,,TRUE,FALSE,13
2022-11-29 14-31-13.RData,,TRUE_TRUE_TRUE_TRUE_TRUE_TRUE_TRUE_TRUE_TRUE_TRUE_TRUE_TRUE_TRUE,TRUE,,TRUE,,TRUE,,TRUE,,TRUE,,TRUE,,TRUE,,TRUE,,TRUE,,TRUE,,TRUE,,TRUE,,TRUE,FALSE,13
2022-11-29 15-31-13.RData,,FALSE_TRUE_TRUE_TRUE_TRUE_TRUE_TRUE_TRUE_FALSE_TRUE_TRUE_TRUE_TRUE,FALSE,,TRUE,,TRUE,,TRUE,,TRUE,,TRUE,,TRUE,,TRUE,,FALSE,,TRUE,,TRUE,,TRUE,,TRUE,FALSE,11
2022-11-29 16-31-13.RData,,TRUE_TRUE_FALSE_TRUE_TRUE_FALSE_FALSE_TRUE_TRUE_TRUE_FALSE_FALSE_TRUE,TRUE,,TRUE,,FALSE,,TRUE,,TRUE,,FALSE,,FALSE,,TRUE,,TRUE,,TRUE,,FALSE,,FALSE,,TRUE,FALSE,8
2022-11-29 17-31-12.RData,,TRUE_TRUE_TRUE_TRUE_TRUE_FALSE_TRUE_TRUE_TRUE_TRUE_TRUE_TRUE_TRUE,TRUE,,TRUE,,TRUE,,TRUE,,TRUE,,FALSE,,TRUE,,TRUE,,TRUE,,TRUE,,TRUE,,TRUE,,TRUE,FALSE,12
2022-11-29 18-31-14.RData,,FALSE_FALSE_FALSE_FALSE_FALSE_FALSE_FALSE_FALSE_FALSE_FALSE_FALSE_FALSE_FALSE,FALSE,,FALSE,,FALSE,,FALSE,,FALSE,,FALSE,,FALSE,,FALSE,,FALSE,,FALSE,,FALSE,,FALSE,,FALSE,TRUE,0
2022-11-29 19-31-14.RData,,FALSE_TRUE_FALSE_FALSE_TRUE_TRUE_TRUE_TRUE_TRUE_TRUE_TRUE_FALSE_TRUE,FALSE,,TRUE,,FALSE,,FALSE,,TRUE,,TRUE,,TRUE,,TRUE,,TRUE,,TRUE,,TRUE,,FALSE,,TRUE,FALSE,9
2022-11-29 20-31-13.RData,,TRUE_TRUE_FALSE_FALSE_FALSE_FALSE_FALSE_FALSE_TRUE_TRUE_FALSE_FALSE_FALSE,TRUE,,TRUE,,FALSE,,FALSE,,FALSE,,FALSE,,FALSE,,FALSE,,TRUE,,TRUE,,FALSE,,FALSE,,FALSE,FALSE,4
2022-11-29 21-31-13.RData,,TRUE_FALSE_TRUE_FALSE_FALSE_TRUE_FALSE_FALSE_TRUE_FALSE_TRUE_FALSE_FALSE,TRUE,,FALSE,,TRUE,,FALSE,,FALSE,,TRUE,,FALSE,,FALSE,,TRUE,,FALSE,,TRUE,,FALSE,,FALSE,FALSE,5
2022-11-29 22-31-13.RData,,FALSE_FALSE_FALSE_TRUE_FALSE_FALSE_FALSE_FALSE_FALSE_FALSE_FALSE_TRUE_FALSE,FALSE,,FALSE,,FALSE,,TRUE,,FALSE,,FALSE,,FALSE,,FALSE,,FALSE,,FALSE,,FALSE,,TRUE,,FALSE,FALSE,2
2022-11-29 23-31-15.RData,,FALSE_FALSE_FALSE_FALSE_FALSE_FALSE_FALSE_FALSE_FALSE_FALSE_FALSE_FALSE_FALSE,FALSE,,FALSE,,FALSE,,FALSE,,FALSE,,FALSE,,FALSE,,FALSE,,FALSE,,FALSE,,FALSE,,FALSE,,FALSE,TRUE,0
2022-11-30 00-31-16.RData,,FALSE_FALSE_FALSE_FALSE_FALSE_FALSE_FALSE_FALSE_FALSE_FALSE_FALSE_FALSE_FALSE,FALSE,,FALSE,,FALSE,,FALSE,,FALSE,,FALSE,,FALSE,,FALSE,,FALSE,,FALSE,,FALSE,,FALSE,,FALSE,TRUE,0
2022-11-30 01-31-13.RData,,TRUE_TRUE_TRUE_TRUE_FALSE_TRUE_TRUE_FALSE_TRUE_TRUE_TRUE_TRUE_TRUE,TRUE,,TRUE,,TRUE,,TRUE,,FALSE,,TRUE,,TRUE,,FALSE,,TRUE,,TRUE,,TRUE,,TRUE,,TRUE,FALSE,11
2022-11-30 02-31-13.RData,,FALSE_TRUE_TRUE_TRUE_TRUE_TRUE_TRUE_FALSE_FALSE_TRUE_TRUE_TRUE_TRUE,FALSE,,TRUE,,TRUE,,TRUE,,TRUE,,TRUE,,TRUE,,FALSE,,FALSE,,TRUE,,TRUE,,TRUE,,TRUE,FALSE,10
2022-11-30 03-31-13.RData,,TRUE_TRUE_TRUE_TRUE_TRUE_TRUE_TRUE_TRUE_TRUE_TRUE_TRUE_TRUE_TRUE,TRUE,,TRUE,,TRUE,,TRUE,,TRUE,,TRUE,,TRUE,,TRUE,,TRUE,,TRUE,,TRUE,,TRUE,,TRUE,FALSE,13
2022-11-30 04-31-13.RData,,TRUE_TRUE_FALSE_TRUE_FALSE_TRUE_TRUE_TRUE_TRUE_TRUE_TRUE_TRUE_FALSE,TRUE,,TRUE,,FALSE,,TRUE,,FALSE,,TRUE,,TRUE,,TRUE,,TRUE,,TRUE,,TRUE,,TRUE,,FALSE,FALSE,10
2022-11-30 05-31-13.RData,,TRUE_TRUE_TRUE_TRUE_TRUE_TRUE_TRUE_TRUE_TRUE_TRUE_TRUE_TRUE_TRUE,TRUE,,TRUE,,TRUE,,TRUE,,TRUE,,TRUE,,TRUE,,TRUE,,TRUE,,TRUE,,TRUE,,TRUE,,TRUE,FALSE,13
2022-11-30 06-31-13.RData,,TRUE_TRUE_TRUE_TRUE_TRUE_TRUE_TRUE_TRUE_TRUE_TRUE_TRUE_TRUE_TRUE,TRUE,,TRUE,,TRUE,,TRUE,,TRUE,,TRUE,,TRUE,,TRUE,,TRUE,,TRUE,,TRUE,,TRUE,,TRUE,FALSE,13
2022-11-30 07-31-13.RData,,TRUE_TRUE_TRUE_TRUE_TRUE_TRUE_TRUE_TRUE_TRUE_TRUE_TRUE_TRUE_TRUE,TRUE,,TRUE,,TRUE,,TRUE,,TRUE,,TRUE,,TRUE,,TRUE,,TRUE,,TRUE,,TRUE,,TRUE,,TRUE,FALSE,13
2022-11-30 08-31-13.RData,,TRUE_TRUE_TRUE_TRUE_TRUE_TRUE_TRUE_TRUE_TRUE_TRUE_TRUE_TRUE_TRUE,TRUE,,TRUE,,TRUE,,TRUE,,TRUE,,TRUE,,TRUE,,TRUE,,TRUE,,TRUE,,TRUE,,TRUE,,TRUE,FALSE,13
2022-11-30 09-31-14.RData,,FALSE_FALSE_FALSE_FALSE_FALSE_FALSE_FALSE_FALSE_FALSE_FALSE_FALSE_FALSE_FALSE,FALSE,,FALSE,,FALSE,,FALSE,,FALSE,,FALSE,,FALSE,,FALSE,,FALSE,,FALSE,,FALSE,,FALSE,,FALSE,TRUE,0
2022-11-30 10-31-15.RData,,FALSE_FALSE_FALSE_FALSE_FALSE_FALSE_FALSE_FALSE_FALSE_FALSE_FALSE_FALSE_FALSE,FALSE,,FALSE,,FALSE,,FALSE,,FALSE,,FALSE,,FALSE,,FALSE,,FALSE,,FALSE,,FALSE,,FALSE,,FALSE,TRUE,0
2022-11-30 11-31-13.RData,,TRUE_TRUE_TRUE_TRUE_TRUE_TRUE_TRUE_TRUE_TRUE_TRUE_TRUE_TRUE_TRUE,TRUE,,TRUE,,TRUE,,TRUE,,TRUE,,TRUE,,TRUE,,TRUE,,TRUE,,TRUE,,TRUE,,TRUE,,TRUE,FALSE,13
2022-11-30 12-31-13.RData,,TRUE_TRUE_TRUE_TRUE_TRUE_TRUE_TRUE_TRUE_TRUE_TRUE_TRUE_TRUE_TRUE,TRUE,,TRUE,,TRUE,,TRUE,,TRUE,,TRUE,,TRUE,,TRUE,,TRUE,,TRUE,,TRUE,,TRUE,,TRUE,FALSE,13
2022-11-30 13-31-14.RData,,TRUE_TRUE_FALSE_TRUE_TRUE_TRUE_TRUE_TRUE_TRUE_TRUE_TRUE_TRUE_TRUE,TRUE,,TRUE,,FALSE,,TRUE,,TRUE,,TRUE,,TRUE,,TRUE,,TRUE,,TRUE,,TRUE,,TRUE,,TRUE,FALSE,12
2022-11-30 14-31-13.RData,,TRUE_TRUE_TRUE_TRUE_TRUE_TRUE_TRUE_TRUE_TRUE_TRUE_TRUE_TRUE_TRUE,TRUE,,TRUE,,TRUE,,TRUE,,TRUE,,TRUE,,TRUE,,TRUE,,TRUE,,TRUE,,TRUE,,TRUE,,TRUE,FALSE,13
2022-11-30 15-31-14.RData,,FALSE_FALSE_TRUE_TRUE_TRUE_TRUE_TRUE_TRUE_FALSE_FALSE_TRUE_TRUE_TRUE,FALSE,,FALSE,,TRUE,,TRUE,,TRUE,,TRUE,,TRUE,,TRUE,,FALSE,,FALSE,,TRUE,,TRUE,,TRUE,FALSE,9
2022-11-30 16-31-13.RData,,TRUE_FALSE_FALSE_TRUE_TRUE_TRUE_FALSE_TRUE_TRUE_TRUE_FALSE_TRUE_TRUE,TRUE,,FALSE,,FALSE,,TRUE,,TRUE,,TRUE,,FALSE,,TRUE,,TRUE,,TRUE,,FALSE,,TRUE,,TRUE,FALSE,9
2022-11-30 17-31-13.RData,,TRUE_TRUE_FALSE_TRUE_TRUE_FALSE_TRUE_TRUE_TRUE_TRUE_TRUE_FALSE_TRUE,TRUE,,TRUE,,FALSE,,TRUE,,TRUE,,FALSE,,TRUE,,TRUE,,TRUE,,TRUE,,TRUE,,FALSE,,TRUE,FALSE,10
2022-11-30 18-31-16.RData,,FALSE_FALSE_FALSE_FALSE_FALSE_FALSE_FALSE_FALSE_FALSE_FALSE_FALSE_FALSE_FALSE,FALSE,,FALSE,,FALSE,,FALSE,,FALSE,,FALSE,,FALSE,,FALSE,,FALSE,,FALSE,,FALSE,,FALSE,,FALSE,TRUE,0
2022-11-30 19-31-14.RData,,FALSE_TRUE_TRUE_TRUE_TRUE_TRUE_TRUE_TRUE_TRUE_TRUE_TRUE_FALSE_TRUE,FALSE,,TRUE,,TRUE,,TRUE,,TRUE,,TRUE,,TRUE,,TRUE,,TRUE,,TRUE,,TRUE,,FALSE,,TRUE,FALSE,11
2022-11-30 20-31-13.RData,,TRUE_TRUE_FALSE_FALSE_FALSE_FALSE_FALSE_FALSE_TRUE_TRUE_FALSE_FALSE_FALSE,TRUE,,TRUE,,FALSE,,FALSE,,FALSE,,FALSE,,FALSE,,FALSE,,TRUE,,TRUE,,FALSE,,FALSE,,FALSE,FALSE,4
2022-11-30 21-31-14.RData,,TRUE_FALSE_TRUE_TRUE_FALSE_TRUE_FALSE_FALSE_TRUE_FALSE_TRUE_FALSE_FALSE,TRUE,,FALSE,,TRUE,,TRUE,,FALSE,,TRUE,,FALSE,,FALSE,,TRUE,,FALSE,,TRUE,,FALSE,,FALSE,FALSE,6
2022-11-30 22-31-15.RData,,FALSE_FALSE_TRUE_FALSE_FALSE_FALSE_FALSE_FALSE_FALSE_FALSE_FALSE_TRUE_FALSE,FALSE,,FALSE,,TRUE,,FALSE,,FALSE,,FALSE,,FALSE,,FALSE,,FALSE,,FALSE,,FALSE,,TRUE,,FALSE,FALSE,2
2022-11-30 23-31-15.RData,,TRUE_FALSE_FALSE_FALSE_FALSE_FALSE_FALSE_FALSE_FALSE_FALSE_FALSE_FALSE_FALSE,TRUE,,FALSE,,FALSE,,FALSE,,FALSE,,FALSE,,FALSE,,FALSE,,FALSE,,FALSE,,FALSE,,FALSE,,FALSE,FALSE,1
2022-12-01 00-31-13.RData,,TRUE_FALSE_FALSE_FALSE_FALSE_FALSE_FALSE_FALSE_FALSE_FALSE_TRUE_TRUE_FALSE,TRUE,,FALSE,,FALSE,,FALSE,,FALSE,,FALSE,,FALSE,,FALSE,,FALSE,,FALSE,,TRUE,,TRUE,,FALSE,FALSE,3
2022-12-01 01-31-15.RData,,TRUE_FALSE_FALSE_FALSE_FALSE_FALSE_FALSE_FALSE_FALSE_FALSE_FALSE_FALSE_FALSE,TRUE,,FALSE,,FALSE,,FALSE,,FALSE,,FALSE,,FALSE,,FALSE,,FALSE,,FALSE,,FALSE,,FALSE,,FALSE,FALSE,1
2022-12-01 02-31-14.RData,,TRUE_TRUE_TRUE_TRUE_TRUE_TRUE_TRUE_FALSE_FALSE_TRUE_TRUE_TRUE_TRUE,TRUE,,TRUE,,TRUE,,TRUE,,TRUE,,TRUE,,TRUE,,FALSE,,FALSE,,TRUE,,TRUE,,TRUE,,TRUE,FALSE,11
2022-12-01 03-31-13.RData,,TRUE_TRUE_TRUE_TRUE_TRUE_TRUE_TRUE_TRUE_TRUE_TRUE_TRUE_TRUE_TRUE,TRUE,,TRUE,,TRUE,,TRUE,,TRUE,,TRUE,,TRUE,,TRUE,,TRUE,,TRUE,,TRUE,,TRUE,,TRUE,FALSE,13
2022-12-01 04-31-13.RData,,TRUE_TRUE_FALSE_TRUE_FALSE_TRUE_TRUE_TRUE_TRUE_TRUE_TRUE_TRUE_FALSE,TRUE,,TRUE,,FALSE,,TRUE,,FALSE,,TRUE,,TRUE,,TRUE,,TRUE,,TRUE,,TRUE,,TRUE,,FALSE,FALSE,10
2022-12-01 05-31-13.RData,,TRUE_TRUE_TRUE_TRUE_TRUE_TRUE_TRUE_TRUE_TRUE_TRUE_TRUE_TRUE_TRUE,TRUE,,TRUE,,TRUE,,TRUE,,TRUE,,TRUE,,TRUE,,TRUE,,TRUE,,TRUE,,TRUE,,TRUE,,TRUE,FALSE,13
2022-12-01 06-31-13.RData,,TRUE_TRUE_TRUE_TRUE_TRUE_TRUE_TRUE_TRUE_TRUE_TRUE_TRUE_TRUE_TRUE,TRUE,,TRUE,,TRUE,,TRUE,,TRUE,,TRUE,,TRUE,,TRUE,,TRUE,,TRUE,,TRUE,,TRUE,,TRUE,FALSE,13
2022-12-01 07-31-13.RData,,TRUE_TRUE_TRUE_TRUE_TRUE_TRUE_TRUE_TRUE_TRUE_TRUE_TRUE_TRUE_TRUE,TRUE,,TRUE,,TRUE,,TRUE,,TRUE,,TRUE,,TRUE,,TRUE,,TRUE,,TRUE,,TRUE,,TRUE,,TRUE,FALSE,13
2022-12-01 08-31-33.RData,,TRUE_TRUE_TRUE_TRUE_TRUE_TRUE_TRUE_TRUE_TRUE_TRUE_TRUE_TRUE_TRUE,TRUE,,TRUE,,TRUE,,TRUE,,TRUE,,TRUE,,TRUE,,TRUE,,TRUE,,TRUE,,TRUE,,TRUE,,TRUE,FALSE,13
2022-12-01 09-31-14.RData,,TRUE_FALSE_FALSE_FALSE_TRUE_FALSE_FALSE_TRUE_FALSE_FALSE_FALSE_FALSE_FALSE,TRUE,,FALSE,,FALSE,,FALSE,,TRUE,,FALSE,,FALSE,,TRUE,,FALSE,,FALSE,,FALSE,,FALSE,,FALSE,FALSE,3
2022-12-01 11-31-15.RData,,TRUE_FALSE_FALSE_FALSE_FALSE_FALSE_FALSE_FALSE_FALSE_FALSE_FALSE_FALSE_FALSE,TRUE,,FALSE,,FALSE,,FALSE,,FALSE,,FALSE,,FALSE,,FALSE,,FALSE,,FALSE,,FALSE,,FALSE,,FALSE,FALSE,1
2022-12-01 12-31-13.RData,,TRUE_TRUE_TRUE_TRUE_TRUE_TRUE_TRUE_TRUE_TRUE_TRUE_TRUE_TRUE_TRUE,TRUE,,TRUE,,TRUE,,TRUE,,TRUE,,TRUE,,TRUE,,TRUE,,TRUE,,TRUE,,TRUE,,TRUE,,TRUE,FALSE,13
2022-12-01 17-31-14.RData,,TRUE_FALSE_FALSE_FALSE_FALSE_FALSE_FALSE_FALSE_FALSE_FALSE_FALSE_FALSE_FALSE,TRUE,,FALSE,,FALSE,,FALSE,,FALSE,,FALSE,,FALSE,,FALSE,,FALSE,,FALSE,,FALSE,,FALSE,,FALSE,FALSE,1
2022-12-01 18-31-15.RData,,TRUE_TRUE_FALSE_FALSE_FALSE_FALSE_FALSE_FALSE_FALSE_FALSE_FALSE_FALSE_FALSE,TRUE,,TRUE,,FALSE,,FALSE,,FALSE,,FALSE,,FALSE,,FALSE,,FALSE,,FALSE,,FALSE,,FALSE,,FALSE,FALSE,2
2022-12-01 19-31-13.RData,,FALSE_FALSE_FALSE_FALSE_FALSE_FALSE_FALSE_FALSE_FALSE_FALSE_FALSE_FALSE_FALSE,FALSE,,FALSE,,FALSE,,FALSE,,FALSE,,FALSE,,FALSE,,FALSE,,FALSE,,FALSE,,FALSE,,FALSE,,FALSE,TRUE,0
2022-12-01 21-31-13.RData,,TRUE_TRUE_FALSE_FALSE_FALSE_FALSE_FALSE_FALSE_TRUE_TRUE_FALSE_FALSE_FALSE,TRUE,,TRUE,,FALSE,,FALSE,,FALSE,,FALSE,,FALSE,,FALSE,,TRUE,,TRUE,,FALSE,,FALSE,,FALSE,FALSE,4
2022-12-01 22-31-13.RData,,TRUE_TRUE_TRUE_TRUE_TRUE_FALSE_TRUE_TRUE_TRUE_FALSE_FALSE_TRUE_TRUE,TRUE,,TRUE,,TRUE,,TRUE,,TRUE,,FALSE,,TRUE,,TRUE,,TRUE,,FALSE,,FALSE,,TRUE,,TRUE,FALSE,10
2022-12-01 23-31-15.RData,,FALSE_FALSE_FALSE_FALSE_FALSE_FALSE_FALSE_FALSE_FALSE_FALSE_FALSE_FALSE_FALSE,FALSE,,FALSE,,FALSE,,FALSE,,FALSE,,FALSE,,FALSE,,FALSE,,FALSE,,FALSE,,FALSE,,FALSE,,FALSE,TRUE,0
2022-12-02 01-31-14.RData,,FALSE_FALSE_FALSE_FALSE_FALSE_FALSE_FALSE_FALSE_FALSE_FALSE_FALSE_FALSE_FALSE,FALSE,,FALSE,,FALSE,,FALSE,,FALSE,,FALSE,,FALSE,,FALSE,,FALSE,,FALSE,,FALSE,,FALSE,,FALSE,TRUE,0
2022-12-02 03-31-15.RData,,FALSE_FALSE_FALSE_FALSE_FALSE_FALSE_FALSE_FALSE_FALSE_FALSE_FALSE_FALSE_FALSE,FALSE,,FALSE,,FALSE,,FALSE,,FALSE,,FALSE,,FALSE,,FALSE,,FALSE,,FALSE,,FALSE,,FALSE,,FALSE,TRUE,0
2022-12-02 04-31-13.RData,,TRUE_TRUE_TRUE_TRUE_TRUE_TRUE_TRUE_TRUE_TRUE_TRUE_TRUE_TRUE_TRUE,TRUE,,TRUE,,TRUE,,TRUE,,TRUE,,TRUE,,TRUE,,TRUE,,TRUE,,TRUE,,TRUE,,TRUE,,TRUE,FALSE,13
2022-12-02 05-31-13.RData,,TRUE_TRUE_TRUE_TRUE_TRUE_TRUE_TRUE_TRUE_TRUE_TRUE_TRUE_TRUE_TRUE,TRUE,,TRUE,,TRUE,,TRUE,,TRUE,,TRUE,,TRUE,,TRUE,,TRUE,,TRUE,,TRUE,,TRUE,,TRUE,FALSE,13
2022-12-02 06-31-13.RData,,TRUE_TRUE_TRUE_TRUE_TRUE_TRUE_TRUE_TRUE_TRUE_TRUE_TRUE_TRUE_TRUE,TRUE,,TRUE,,TRUE,,TRUE,,TRUE,,TRUE,,TRUE,,TRUE,,TRUE,,TRUE,,TRUE,,TRUE,,TRUE,FALSE,13
2022-12-02 07-31-13.RData,,TRUE_TRUE_TRUE_TRUE_TRUE_TRUE_TRUE_TRUE_TRUE_TRUE_TRUE_TRUE_TRUE,TRUE,,TRUE,,TRUE,,TRUE,,TRUE,,TRUE,,TRUE,,TRUE,,TRUE,,TRUE,,TRUE,,TRUE,,TRUE,FALSE,13
2022-12-02 08-31-13.RData,,TRUE_TRUE_TRUE_TRUE_TRUE_TRUE_TRUE_TRUE_TRUE_TRUE_TRUE_TRUE_TRUE,TRUE,,TRUE,,TRUE,,TRUE,,TRUE,,TRUE,,TRUE,,TRUE,,TRUE,,TRUE,,TRUE,,TRUE,,TRUE,FALSE,13
2022-12-02 11-31-14.RData,,FALSE_FALSE_FALSE_FALSE_FALSE_FALSE_FALSE_FALSE_FALSE_FALSE_FALSE_FALSE_FALSE,FALSE,,FALSE,,FALSE,,FALSE,,FALSE,,FALSE,,FALSE,,FALSE,,FALSE,,FALSE,,FALSE,,FALSE,,FALSE,TRUE,0
2022-12-02 13-31-16.RData,,FALSE_FALSE_FALSE_FALSE_FALSE_FALSE_FALSE_FALSE_FALSE_FALSE_FALSE_FALSE_FALSE,FALSE,,FALSE,,FALSE,,FALSE,,FALSE,,FALSE,,FALSE,,FALSE,,FALSE,,FALSE,,FALSE,,FALSE,,FALSE,TRUE,0
2022-12-02 14-31-14.RData,,TRUE_TRUE_TRUE_TRUE_TRUE_TRUE_TRUE_TRUE_FALSE_TRUE_TRUE_TRUE_TRUE,TRUE,,TRUE,,TRUE,,TRUE,,TRUE,,TRUE,,TRUE,,TRUE,,FALSE,,TRUE,,TRUE,,TRUE,,TRUE,FALSE,12
2022-12-03 01-31-17.RData,,FALSE_FALSE_FALSE_FALSE_FALSE_FALSE_FALSE_FALSE_FALSE_FALSE_FALSE_FALSE_FALSE,FALSE,,FALSE,,FALSE,,FALSE,,FALSE,,FALSE,,FALSE,,FALSE,,FALSE,,FALSE,,FALSE,,FALSE,,FALSE,TRUE,0
2022-12-03 02-31-13.RData,,TRUE_TRUE_TRUE_TRUE_TRUE_FALSE_TRUE_TRUE_TRUE_TRUE_TRUE_TRUE_TRUE,TRUE,,TRUE,,TRUE,,TRUE,,TRUE,,FALSE,,TRUE,,TRUE,,TRUE,,TRUE,,TRUE,,TRUE,,TRUE,FALSE,12
2022-12-03 03-31-13.RData,,TRUE_TRUE_FALSE_FALSE_TRUE_FALSE_FALSE_TRUE_TRUE_TRUE_FALSE_FALSE_TRUE,TRUE,,TRUE,,FALSE,,FALSE,,TRUE,,FALSE,,FALSE,,TRUE,,TRUE,,TRUE,,FALSE,,FALSE,,TRUE,FALSE,7
2022-12-03 04-31-12.RData,,FALSE_FALSE_TRUE_TRUE_FALSE_TRUE_TRUE_FALSE_FALSE_FALSE_TRUE_TRUE_FALSE,FALSE,,FALSE,,TRUE,,TRUE,,FALSE,,TRUE,,TRUE,,FALSE,,FALSE,,FALSE,,TRUE,,TRUE,,FALSE,FALSE,6
2022-12-03 05-31-13.RData,,TRUE_TRUE_TRUE_TRUE_TRUE_TRUE_TRUE_TRUE_TRUE_TRUE_TRUE_TRUE_TRUE,TRUE,,TRUE,,TRUE,,TRUE,,TRUE,,TRUE,,TRUE,,TRUE,,TRUE,,TRUE,,TRUE,,TRUE,,TRUE,FALSE,13
2022-12-03 06-31-13.RData,,TRUE_TRUE_TRUE_TRUE_FALSE_TRUE_TRUE_TRUE_TRUE_TRUE_TRUE_TRUE_FALSE,TRUE,,TRUE,,TRUE,,TRUE,,FALSE,,TRUE,,TRUE,,TRUE,,TRUE,,TRUE,,TRUE,,TRUE,,FALSE,FALSE,11
2022-12-03 07-31-13.RData,,TRUE_TRUE_TRUE_TRUE_TRUE_TRUE_TRUE_FALSE_TRUE_TRUE_TRUE_TRUE_TRUE,TRUE,,TRUE,,TRUE,,TRUE,,TRUE,,TRUE,,TRUE,,FALSE,,TRUE,,TRUE,,TRUE,,TRUE,,TRUE,FALSE,12
2022-12-03 08-31-12.RData,,TRUE_TRUE_TRUE_TRUE_TRUE_TRUE_TRUE_TRUE_TRUE_TRUE_TRUE_TRUE_TRUE,TRUE,,TRUE,,TRUE,,TRUE,,TRUE,,TRUE,,TRUE,,TRUE,,TRUE,,TRUE,,TRUE,,TRUE,,TRUE,FALSE,13
2022-12-03 09-31-13.RData,,TRUE_TRUE_TRUE_TRUE_TRUE_TRUE_TRUE_TRUE_TRUE_TRUE_TRUE_TRUE_TRUE,TRUE,,TRUE,,TRUE,,TRUE,,TRUE,,TRUE,,TRUE,,TRUE,,TRUE,,TRUE,,TRUE,,TRUE,,TRUE,FALSE,13
2022-12-03 10-31-16.RData,,FALSE_FALSE_FALSE_FALSE_FALSE_FALSE_FALSE_FALSE_FALSE_FALSE_FALSE_FALSE_TRUE,FALSE,,FALSE,,FALSE,,FALSE,,FALSE,,FALSE,,FALSE,,FALSE,,FALSE,,FALSE,,FALSE,,FALSE,,TRUE,FALSE,1
2022-12-03 13-31-14.RData,,FALSE_FALSE_FALSE_FALSE_FALSE_FALSE_FALSE_FALSE_FALSE_FALSE_FALSE_FALSE_FALSE,FALSE,,FALSE,,FALSE,,FALSE,,FALSE,,FALSE,,FALSE,,FALSE,,FALSE,,FALSE,,FALSE,,FALSE,,FALSE,TRUE,0
2022-12-03 14-31-13.RData,,TRUE_TRUE_TRUE_TRUE_TRUE_TRUE_TRUE_FALSE_TRUE_TRUE_TRUE_TRUE_TRUE,TRUE,,TRUE,,TRUE,,TRUE,,TRUE,,TRUE,,TRUE,,FALSE,,TRUE,,TRUE,,TRUE,,TRUE,,TRUE,FALSE,12
2022-12-03 15-31-14.RData,,TRUE_TRUE_TRUE_FALSE_FALSE_FALSE_FALSE_FALSE_TRUE_TRUE_TRUE_FALSE_FALSE,TRUE,,TRUE,,TRUE,,FALSE,,FALSE,,FALSE,,FALSE,,FALSE,,TRUE,,TRUE,,TRUE,,FALSE,,FALSE,FALSE,6
2022-12-03 16-31-13.RData,,TRUE_FALSE_FALSE_FALSE_TRUE_FALSE_FALSE_TRUE_TRUE_FALSE_FALSE_FALSE_TRUE,TRUE,,FALSE,,FALSE,,FALSE,,TRUE,,FALSE,,FALSE,,TRUE,,TRUE,,FALSE,,FALSE,,FALSE,,TRUE,FALSE,5
2022-12-03 19-31-14.RData,,TRUE_TRUE_FALSE_FALSE_TRUE_FALSE_FALSE_TRUE_TRUE_TRUE_FALSE_FALSE_TRUE,TRUE,,TRUE,,FALSE,,FALSE,,TRUE,,FALSE,,FALSE,,TRUE,,TRUE,,TRUE,,FALSE,,FALSE,,TRUE,FALSE,7
2022-12-03 20-31-13.RData,,TRUE_TRUE_FALSE_FALSE_FALSE_FALSE_FALSE_FALSE_TRUE_TRUE_TRUE_FALSE_FALSE,TRUE,,TRUE,,FALSE,,FALSE,,FALSE,,FALSE,,FALSE,,FALSE,,TRUE,,TRUE,,TRUE,,FALSE,,FALSE,FALSE,5
2022-12-03 21-31-13.RData,,TRUE_TRUE_FALSE_FALSE_TRUE_TRUE_FALSE_TRUE_TRUE_TRUE_FALSE_TRUE_TRUE,TRUE,,TRUE,,FALSE,,FALSE,,TRUE,,TRUE,,FALSE,,TRUE,,TRUE,,TRUE,,FALSE,,TRUE,,TRUE,FALSE,9
2022-12-03 22-31-13.RData,,TRUE_TRUE_FALSE_TRUE_TRUE_FALSE_TRUE_TRUE_TRUE_TRUE_FALSE_FALSE_TRUE,TRUE,,TRUE,,FALSE,,TRUE,,TRUE,,FALSE,,TRUE,,TRUE,,TRUE,,TRUE,,FALSE,,FALSE,,TRUE,FALSE,9
2022-12-03 23-31-14.RData,,FALSE_FALSE_FALSE_FALSE_FALSE_TRUE_TRUE_FALSE_FALSE_FALSE_FALSE_FALSE_FALSE,FALSE,,FALSE,,FALSE,,FALSE,,FALSE,,TRUE,,TRUE,,FALSE,,FALSE,,FALSE,,FALSE,,FALSE,,FALSE,FALSE,2
2022-12-04 00-31-13.RData,,FALSE_FALSE_FALSE_FALSE_FALSE_FALSE_FALSE_FALSE_FALSE_FALSE_FALSE_FALSE_FALSE,FALSE,,FALSE,,FALSE,,FALSE,,FALSE,,FALSE,,FALSE,,FALSE,,FALSE,,FALSE,,FALSE,,FALSE,,FALSE,TRUE,0
2022-12-04 01-31-16.RData,,TRUE_TRUE_FALSE_FALSE_FALSE_TRUE_FALSE_FALSE_FALSE_FALSE_FALSE_FALSE_FALSE,TRUE,,TRUE,,FALSE,,FALSE,,FALSE,,TRUE,,FALSE,,FALSE,,FALSE,,FALSE,,FALSE,,FALSE,,FALSE,FALSE,3
2022-12-04 02-31-13.RData,,FALSE_FALSE_FALSE_FALSE_FALSE_FALSE_FALSE_FALSE_FALSE_FALSE_FALSE_FALSE_FALSE,FALSE,,FALSE,,FALSE,,FALSE,,FALSE,,FALSE,,FALSE,,FALSE,,FALSE,,FALSE,,FALSE,,FALSE,,FALSE,TRUE,0
2022-12-04 03-31-14.RData,,TRUE_TRUE_FALSE_FALSE_TRUE_FALSE_FALSE_TRUE_TRUE_TRUE_FALSE_FALSE_TRUE,TRUE,,TRUE,,FALSE,,FALSE,,TRUE,,FALSE,,FALSE,,TRUE,,TRUE,,TRUE,,FALSE,,FALSE,,TRUE,FALSE,7
2022-12-04 04-31-14.RData,,FALSE_FALSE_TRUE_TRUE_FALSE_TRUE_TRUE_FALSE_FALSE_FALSE_TRUE_TRUE_FALSE,FALSE,,FALSE,,TRUE,,TRUE,,FALSE,,TRUE,,TRUE,,FALSE,,FALSE,,FALSE,,TRUE,,TRUE,,FALSE,FALSE,6
2022-12-04 05-31-13.RData,,TRUE_TRUE_TRUE_TRUE_TRUE_TRUE_TRUE_TRUE_TRUE_TRUE_TRUE_TRUE_TRUE,TRUE,,TRUE,,TRUE,,TRUE,,TRUE,,TRUE,,TRUE,,TRUE,,TRUE,,TRUE,,TRUE,,TRUE,,TRUE,FALSE,13
2022-12-04 06-31-13.RData,,TRUE_TRUE_TRUE_TRUE_TRUE_TRUE_TRUE_TRUE_TRUE_TRUE_TRUE_TRUE_FALSE,TRUE,,TRUE,,TRUE,,TRUE,,TRUE,,TRUE,,TRUE,,TRUE,,TRUE,,TRUE,,TRUE,,TRUE,,FALSE,FALSE,12
2022-12-04 07-31-13.RData,,TRUE_TRUE_TRUE_TRUE_FALSE_TRUE_TRUE_FALSE_TRUE_TRUE_TRUE_TRUE_TRUE,TRUE,,TRUE,,TRUE,,TRUE,,FALSE,,TRUE,,TRUE,,FALSE,,TRUE,,TRUE,,TRUE,,TRUE,,TRUE,FALSE,11
2022-12-04 08-31-13.RData,,TRUE_TRUE_TRUE_TRUE_TRUE_TRUE_TRUE_TRUE_TRUE_TRUE_TRUE_TRUE_TRUE,TRUE,,TRUE,,TRUE,,TRUE,,TRUE,,TRUE,,TRUE,,TRUE,,TRUE,,TRUE,,TRUE,,TRUE,,TRUE,FALSE,13
2022-12-04 09-31-13.RData,,TRUE_TRUE_TRUE_TRUE_TRUE_TRUE_TRUE_TRUE_TRUE_TRUE_TRUE_TRUE_TRUE,TRUE,,TRUE,,TRUE,,TRUE,,TRUE,,TRUE,,TRUE,,TRUE,,TRUE,,TRUE,,TRUE,,TRUE,,TRUE,FALSE,13
2022-12-04 10-31-13.RData,,TRUE_TRUE_TRUE_TRUE_TRUE_TRUE_TRUE_TRUE_TRUE_TRUE_TRUE_TRUE_TRUE,TRUE,,TRUE,,TRUE,,TRUE,,TRUE,,TRUE,,TRUE,,TRUE,,TRUE,,TRUE,,TRUE,,TRUE,,TRUE,FALSE,13
2022-12-04 14-31-14.RData,,TRUE_FALSE_TRUE_FALSE_FALSE_TRUE_FALSE_FALSE_TRUE_FALSE_TRUE_FALSE_FALSE,TRUE,,FALSE,,TRUE,,FALSE,,FALSE,,TRUE,,FALSE,,FALSE,,TRUE,,FALSE,,TRUE,,FALSE,,FALSE,FALSE,5
2022-12-04 20-31-13.RData,,TRUE_FALSE_FALSE_FALSE_FALSE_FALSE_FALSE_FALSE_TRUE_FALSE_FALSE_FALSE_FALSE,TRUE,,FALSE,,FALSE,,FALSE,,FALSE,,FALSE,,FALSE,,FALSE,,TRUE,,FALSE,,FALSE,,FALSE,,FALSE,FALSE,2
2022-12-04 21-31-14.RData,,TRUE_TRUE_TRUE_FALSE_TRUE_TRUE_FALSE_TRUE_TRUE_TRUE_FALSE_TRUE_TRUE,TRUE,,TRUE,,TRUE,,FALSE,,TRUE,,TRUE,,FALSE,,TRUE,,TRUE,,TRUE,,FALSE,,TRUE,,TRUE,FALSE,10
2022-12-04 22-31-13.RData,,TRUE_TRUE_FALSE_TRUE_TRUE_FALSE_TRUE_TRUE_TRUE_TRUE_FALSE_FALSE_TRUE,TRUE,,TRUE,,FALSE,,TRUE,,TRUE,,FALSE,,TRUE,,TRUE,,TRUE,,TRUE,,FALSE,,FALSE,,TRUE,FALSE,9
2022-12-04 23-31-14.RData,,FALSE_FALSE_TRUE_TRUE_FALSE_TRUE_TRUE_FALSE_FALSE_FALSE_FALSE_FALSE_FALSE,FALSE,,FALSE,,TRUE,,TRUE,,FALSE,,TRUE,,TRUE,,FALSE,,FALSE,,FALSE,,FALSE,,FALSE,,FALSE,FALSE,4
2022-12-05 00-31-16.RData,,FALSE_FALSE_FALSE_FALSE_FALSE_FALSE_FALSE_FALSE_FALSE_FALSE_FALSE_FALSE_FALSE,FALSE,,FALSE,,FALSE,,FALSE,,FALSE,,FALSE,,FALSE,,FALSE,,FALSE,,FALSE,,FALSE,,FALSE,,FALSE,TRUE,0
2022-12-05 01-31-15.RData,,FALSE_FALSE_FALSE_FALSE_FALSE_FALSE_FALSE_FALSE_FALSE_FALSE_FALSE_FALSE_FALSE,FALSE,,FALSE,,FALSE,,FALSE,,FALSE,,FALSE,,FALSE,,FALSE,,FALSE,,FALSE,,FALSE,,FALSE,,FALSE,TRUE,0
2022-12-05 02-31-14.RData,,FALSE_FALSE_FALSE_FALSE_FALSE_FALSE_FALSE_FALSE_FALSE_FALSE_FALSE_FALSE_FALSE,FALSE,,FALSE,,FALSE,,FALSE,,FALSE,,FALSE,,FALSE,,FALSE,,FALSE,,FALSE,,FALSE,,FALSE,,FALSE,TRUE,0
2022-12-05 03-31-14.RData,,TRUE_TRUE_FALSE_FALSE_TRUE_FALSE_FALSE_TRUE_TRUE_TRUE_FALSE_FALSE_TRUE,TRUE,,TRUE,,FALSE,,FALSE,,TRUE,,FALSE,,FALSE,,TRUE,,TRUE,,TRUE,,FALSE,,FALSE,,TRUE,FALSE,7
2022-12-05 05-31-14.RData,,FALSE_FALSE_TRUE_TRUE_FALSE_TRUE_TRUE_FALSE_FALSE_FALSE_TRUE_TRUE_FALSE,FALSE,,FALSE,,TRUE,,TRUE,,FALSE,,TRUE,,TRUE,,FALSE,,FALSE,,FALSE,,TRUE,,TRUE,,FALSE,FALSE,6
2022-12-05 06-31-13.RData,,TRUE_TRUE_TRUE_TRUE_TRUE_TRUE_TRUE_TRUE_TRUE_TRUE_TRUE_TRUE_FALSE,TRUE,,TRUE,,TRUE,,TRUE,,TRUE,,TRUE,,TRUE,,TRUE,,TRUE,,TRUE,,TRUE,,TRUE,,FALSE,FALSE,12
2022-12-05 07-31-13.RData,,TRUE_TRUE_TRUE_TRUE_FALSE_TRUE_TRUE_FALSE_TRUE_TRUE_TRUE_TRUE_TRUE,TRUE,,TRUE,,TRUE,,TRUE,,FALSE,,TRUE,,TRUE,,FALSE,,TRUE,,TRUE,,TRUE,,TRUE,,TRUE,FALSE,11
2022-12-05 08-31-14.RData,,TRUE_TRUE_TRUE_TRUE_TRUE_TRUE_TRUE_TRUE_TRUE_TRUE_TRUE_TRUE_TRUE,TRUE,,TRUE,,TRUE,,TRUE,,TRUE,,TRUE,,TRUE,,TRUE,,TRUE,,TRUE,,TRUE,,TRUE,,TRUE,FALSE,13
2022-12-05 09-31-13.RData,,TRUE_TRUE_TRUE_TRUE_TRUE_TRUE_TRUE_TRUE_TRUE_TRUE_TRUE_TRUE_TRUE,TRUE,,TRUE,,TRUE,,TRUE,,TRUE,,TRUE,,TRUE,,TRUE,,TRUE,,TRUE,,TRUE,,TRUE,,TRUE,FALSE,13
2022-12-05 10-31-13.RData,,TRUE_TRUE_TRUE_TRUE_TRUE_TRUE_TRUE_TRUE_TRUE_TRUE_TRUE_TRUE_TRUE,TRUE,,TRUE,,TRUE,,TRUE,,TRUE,,TRUE,,TRUE,,TRUE,,TRUE,,TRUE,,TRUE,,TRUE,,TRUE,FALSE,13
2022-12-05 11-31-13.RData,,TRUE_TRUE_TRUE_TRUE_TRUE_TRUE_TRUE_TRUE_TRUE_TRUE_TRUE_TRUE_TRUE,TRUE,,TRUE,,TRUE,,TRUE,,TRUE,,TRUE,,TRUE,,TRUE,,TRUE,,TRUE,,TRUE,,TRUE,,TRUE,FALSE,13
2022-12-05 12-31-13.RData,,TRUE_TRUE_TRUE_TRUE_TRUE_FALSE_TRUE_TRUE_TRUE_TRUE_TRUE_TRUE_TRUE,TRUE,,TRUE,,TRUE,,TRUE,,TRUE,,FALSE,,TRUE,,TRUE,,TRUE,,TRUE,,TRUE,,TRUE,,TRUE,FALSE,12
2022-12-05 13-31-14.RData,,TRUE_TRUE_TRUE_TRUE_FALSE_TRUE_TRUE_FALSE_TRUE_TRUE_TRUE_TRUE_FALSE,TRUE,,TRUE,,TRUE,,TRUE,,FALSE,,TRUE,,TRUE,,FALSE,,TRUE,,TRUE,,TRUE,,TRUE,,FALSE,FALSE,10
2022-12-05 14-31-14.RData,,TRUE_TRUE_TRUE_FALSE_FALSE_TRUE_FALSE_FALSE_TRUE_FALSE_TRUE_FALSE_FALSE,TRUE,,TRUE,,TRUE,,FALSE,,FALSE,,TRUE,,FALSE,,FALSE,,TRUE,,FALSE,,TRUE,,FALSE,,FALSE,FALSE,6
2022-12-05 15-31-13.RData,,TRUE_FALSE_TRUE_TRUE_TRUE_TRUE_FALSE_FALSE_TRUE_TRUE_TRUE_TRUE_TRUE,TRUE,,FALSE,,TRUE,,TRUE,,TRUE,,TRUE,,FALSE,,FALSE,,TRUE,,TRUE,,TRUE,,TRUE,,TRUE,FALSE,10
2022-12-05 16-31-13.RData,,TRUE_TRUE_TRUE_FALSE_TRUE_TRUE_FALSE_TRUE_TRUE_TRUE_TRUE_FALSE_TRUE,TRUE,,TRUE,,TRUE,,FALSE,,TRUE,,TRUE,,FALSE,,TRUE,,TRUE,,TRUE,,TRUE,,FALSE,,TRUE,FALSE,10
2022-12-05 17-31-13.RData,,TRUE_TRUE_TRUE_FALSE_TRUE_TRUE_FALSE_TRUE_TRUE_TRUE_TRUE_FALSE_TRUE,TRUE,,TRUE,,TRUE,,FALSE,,TRUE,,TRUE,,FALSE,,TRUE,,TRUE,,TRUE,,TRUE,,FALSE,,TRUE,FALSE,10
2022-12-05 18-31-13.RData,,TRUE_TRUE_TRUE_FALSE_TRUE_TRUE_TRUE_TRUE_TRUE_TRUE_TRUE_FALSE_TRUE,TRUE,,TRUE,,TRUE,,FALSE,,TRUE,,TRUE,,TRUE,,TRUE,,TRUE,,TRUE,,TRUE,,FALSE,,TRUE,FALSE,11
2022-12-05 20-31-14.RData,,TRUE_FALSE_FALSE_FALSE_FALSE_FALSE_FALSE_FALSE_TRUE_FALSE_FALSE_FALSE_FALSE,TRUE,,FALSE,,FALSE,,FALSE,,FALSE,,FALSE,,FALSE,,FALSE,,TRUE,,FALSE,,FALSE,,FALSE,,FALSE,FALSE,2
2022-12-05 21-31-16.RData,,FALSE_FALSE_FALSE_FALSE_FALSE_FALSE_FALSE_FALSE_FALSE_FALSE_FALSE_FALSE_FALSE,FALSE,,FALSE,,FALSE,,FALSE,,FALSE,,FALSE,,FALSE,,FALSE,,FALSE,,FALSE,,FALSE,,FALSE,,FALSE,TRUE,0
2022-12-05 22-31-14.RData,,FALSE_FALSE_FALSE_FALSE_FALSE_FALSE_FALSE_FALSE_TRUE_TRUE_FALSE_FALSE_FALSE,FALSE,,FALSE,,FALSE,,FALSE,,FALSE,,FALSE,,FALSE,,FALSE,,TRUE,,TRUE,,FALSE,,FALSE,,FALSE,FALSE,2
2022-12-05 23-31-13.RData,,FALSE_FALSE_TRUE_TRUE_FALSE_TRUE_TRUE_FALSE_FALSE_FALSE_TRUE_TRUE_FALSE,FALSE,,FALSE,,TRUE,,TRUE,,FALSE,,TRUE,,TRUE,,FALSE,,FALSE,,FALSE,,TRUE,,TRUE,,FALSE,FALSE,6
2022-12-06 00-31-14.RData,,TRUE_TRUE_FALSE_FALSE_FALSE_FALSE_FALSE_TRUE_FALSE_FALSE_FALSE_FALSE_FALSE,TRUE,,TRUE,,FALSE,,FALSE,,FALSE,,FALSE,,FALSE,,TRUE,,FALSE,,FALSE,,FALSE,,FALSE,,FALSE,FALSE,3
2022-12-06 01-31-16.RData,,FALSE_FALSE_TRUE_TRUE_FALSE_TRUE_FALSE_FALSE_FALSE_FALSE_FALSE_FALSE_FALSE,FALSE,,FALSE,,TRUE,,TRUE,,FALSE,,TRUE,,FALSE,,FALSE,,FALSE,,FALSE,,FALSE,,FALSE,,FALSE,FALSE,3
2022-12-06 02-31-14.RData,,FALSE_FALSE_FALSE_FALSE_FALSE_FALSE_FALSE_FALSE_FALSE_FALSE_FALSE_TRUE_TRUE,FALSE,,FALSE,,FALSE,,FALSE,,FALSE,,FALSE,,FALSE,,FALSE,,FALSE,,FALSE,,FALSE,,TRUE,,TRUE,FALSE,2
2022-12-06 03-31-17.RData,,FALSE_FALSE_FALSE_FALSE_FALSE_FALSE_FALSE_FALSE_FALSE_FALSE_FALSE_FALSE_FALSE,FALSE,,FALSE,,FALSE,,FALSE,,FALSE,,FALSE,,FALSE,,FALSE,,FALSE,,FALSE,,FALSE,,FALSE,,FALSE,TRUE,0
2022-12-06 04-31-13.RData,,FALSE_FALSE_FALSE_FALSE_TRUE_FALSE_FALSE_TRUE_TRUE_TRUE_FALSE_FALSE_TRUE,FALSE,,FALSE,,FALSE,,FALSE,,TRUE,,FALSE,,FALSE,,TRUE,,TRUE,,TRUE,,FALSE,,FALSE,,TRUE,FALSE,5
2022-12-06 05-31-14.RData,,TRUE_FALSE_TRUE_TRUE_TRUE_TRUE_TRUE_TRUE_TRUE_FALSE_TRUE_TRUE_TRUE,TRUE,,FALSE,,TRUE,,TRUE,,TRUE,,TRUE,,TRUE,,TRUE,,TRUE,,FALSE,,TRUE,,TRUE,,TRUE,FALSE,11
2022-12-06 06-31-13.RData,,FALSE_TRUE_TRUE_TRUE_FALSE_TRUE_TRUE_FALSE_FALSE_TRUE_TRUE_TRUE_FALSE,FALSE,,TRUE,,TRUE,,TRUE,,FALSE,,TRUE,,TRUE,,FALSE,,FALSE,,TRUE,,TRUE,,TRUE,,FALSE,FALSE,8
2022-12-06 07-31-14.RData,,TRUE_TRUE_TRUE_TRUE_TRUE_TRUE_TRUE_TRUE_TRUE_TRUE_TRUE_TRUE_TRUE,TRUE,,TRUE,,TRUE,,TRUE,,TRUE,,TRUE,,TRUE,,TRUE,,TRUE,,TRUE,,TRUE,,TRUE,,TRUE,FALSE,13
2022-12-06 08-31-14.RData,,TRUE_TRUE_TRUE_TRUE_TRUE_TRUE_TRUE_TRUE_TRUE_TRUE_TRUE_TRUE_TRUE,TRUE,,TRUE,,TRUE,,TRUE,,TRUE,,TRUE,,TRUE,,TRUE,,TRUE,,TRUE,,TRUE,,TRUE,,TRUE,FALSE,13
2022-12-06 09-31-13.RData,,TRUE_TRUE_TRUE_TRUE_TRUE_TRUE_TRUE_TRUE_TRUE_TRUE_TRUE_TRUE_TRUE,TRUE,,TRUE,,TRUE,,TRUE,,TRUE,,TRUE,,TRUE,,TRUE,,TRUE,,TRUE,,TRUE,,TRUE,,TRUE,FALSE,13
2022-12-06 10-31-14.RData,,TRUE_TRUE_TRUE_TRUE_TRUE_TRUE_TRUE_TRUE_TRUE_TRUE_TRUE_TRUE_TRUE,TRUE,,TRUE,,TRUE,,TRUE,,TRUE,,TRUE,,TRUE,,TRUE,,TRUE,,TRUE,,TRUE,,TRUE,,TRUE,FALSE,13
2022-12-06 11-31-13.RData,,TRUE_TRUE_TRUE_TRUE_TRUE_TRUE_TRUE_TRUE_TRUE_TRUE_TRUE_TRUE_TRUE,TRUE,,TRUE,,TRUE,,TRUE,,TRUE,,TRUE,,TRUE,,TRUE,,TRUE,,TRUE,,TRUE,,TRUE,,TRUE,FALSE,13
2022-12-06 13-31-14.RData,,FALSE_FALSE_FALSE_FALSE_FALSE_FALSE_FALSE_FALSE_FALSE_FALSE_FALSE_FALSE_FALSE,FALSE,,FALSE,,FALSE,,FALSE,,FALSE,,FALSE,,FALSE,,FALSE,,FALSE,,FALSE,,FALSE,,FALSE,,FALSE,TRUE,0
2022-12-06 15-31-14.RData,,FALSE_FALSE_FALSE_FALSE_FALSE_FALSE_FALSE_FALSE_FALSE_FALSE_FALSE_FALSE_FALSE,FALSE,,FALSE,,FALSE,,FALSE,,FALSE,,FALSE,,FALSE,,FALSE,,FALSE,,FALSE,,FALSE,,FALSE,,FALSE,TRUE,0
2022-12-06 16-31-14.RData,,TRUE_TRUE_TRUE_FALSE_TRUE_TRUE_FALSE_TRUE_TRUE_TRUE_TRUE_FALSE_TRUE,TRUE,,TRUE,,TRUE,,FALSE,,TRUE,,TRUE,,FALSE,,TRUE,,TRUE,,TRUE,,TRUE,,FALSE,,TRUE,FALSE,10
2022-12-06 17-31-14.RData,,TRUE_TRUE_FALSE_FALSE_TRUE_FALSE_FALSE_TRUE_TRUE_TRUE_FALSE_FALSE_TRUE,TRUE,,TRUE,,FALSE,,FALSE,,TRUE,,FALSE,,FALSE,,TRUE,,TRUE,,TRUE,,FALSE,,FALSE,,TRUE,FALSE,7
2022-12-06 20-31-15.RData,,FALSE_FALSE_FALSE_FALSE_FALSE_FALSE_FALSE_FALSE_FALSE_FALSE_FALSE_FALSE_FALSE,FALSE,,FALSE,,FALSE,,FALSE,,FALSE,,FALSE,,FALSE,,FALSE,,FALSE,,FALSE,,FALSE,,FALSE,,FALSE,TRUE,0
2022-12-06 21-31-13.RData,,TRUE_TRUE_TRUE_TRUE_TRUE_TRUE_FALSE_FALSE_TRUE_TRUE_FALSE_TRUE_TRUE,TRUE,,TRUE,,TRUE,,TRUE,,TRUE,,TRUE,,FALSE,,FALSE,,TRUE,,TRUE,,FALSE,,TRUE,,TRUE,FALSE,10
2022-12-06 22-31-15.RData,,TRUE_TRUE_FALSE_FALSE_FALSE_FALSE_FALSE_TRUE_TRUE_TRUE_FALSE_FALSE_FALSE,TRUE,,TRUE,,FALSE,,FALSE,,FALSE,,FALSE,,FALSE,,TRUE,,TRUE,,TRUE,,FALSE,,FALSE,,FALSE,FALSE,5
2022-12-06 23-31-14.RData,,FALSE_FALSE_TRUE_TRUE_FALSE_TRUE_TRUE_FALSE_FALSE_FALSE_TRUE_TRUE_FALSE,FALSE,,FALSE,,TRUE,,TRUE,,FALSE,,TRUE,,TRUE,,FALSE,,FALSE,,FALSE,,TRUE,,TRUE,,FALSE,FALSE,6
2022-12-07 00-31-14.RData,,FALSE_FALSE_TRUE_FALSE_TRUE_TRUE_TRUE_TRUE_FALSE_FALSE_TRUE_FALSE_TRUE,FALSE,,FALSE,,TRUE,,FALSE,,TRUE,,TRUE,,TRUE,,TRUE,,FALSE,,FALSE,,TRUE,,FALSE,,TRUE,FALSE,7
2022-12-07 01-31-14.RData,,FALSE_FALSE_TRUE_TRUE_TRUE_TRUE_FALSE_TRUE_FALSE_TRUE_TRUE_TRUE_FALSE,FALSE,,FALSE,,TRUE,,TRUE,,TRUE,,TRUE,,FALSE,,TRUE,,FALSE,,TRUE,,TRUE,,TRUE,,FALSE,FALSE,8
2022-12-07 02-31-14.RData,,FALSE_FALSE_TRUE_TRUE_FALSE_TRUE_FALSE_FALSE_FALSE_FALSE_FALSE_TRUE_FALSE,FALSE,,FALSE,,TRUE,,TRUE,,FALSE,,TRUE,,FALSE,,FALSE,,FALSE,,FALSE,,FALSE,,TRUE,,FALSE,FALSE,4
2022-12-07 03-31-15.RData,,TRUE_TRUE_FALSE_FALSE_FALSE_TRUE_TRUE_FALSE_FALSE_FALSE_FALSE_FALSE_FALSE,TRUE,,TRUE,,FALSE,,FALSE,,FALSE,,TRUE,,TRUE,,FALSE,,FALSE,,FALSE,,FALSE,,FALSE,,FALSE,FALSE,4
2022-12-07 04-31-13.RData,,FALSE_FALSE_FALSE_FALSE_FALSE_FALSE_FALSE_FALSE_FALSE_FALSE_FALSE_FALSE_FALSE,FALSE,,FALSE,,FALSE,,FALSE,,FALSE,,FALSE,,FALSE,,FALSE,,FALSE,,FALSE,,FALSE,,FALSE,,FALSE,TRUE,0
2022-12-07 05-31-13.RData,,TRUE_TRUE_TRUE_TRUE_TRUE_TRUE_TRUE_TRUE_TRUE_TRUE_TRUE_TRUE_TRUE,TRUE,,TRUE,,TRUE,,TRUE,,TRUE,,TRUE,,TRUE,,TRUE,,TRUE,,TRUE,,TRUE,,TRUE,,TRUE,FALSE,13
2022-12-07 06-31-13.RData,,TRUE_TRUE_TRUE_TRUE_TRUE_TRUE_TRUE_TRUE_TRUE_TRUE_TRUE_TRUE_TRUE,TRUE,,TRUE,,TRUE,,TRUE,,TRUE,,TRUE,,TRUE,,TRUE,,TRUE,,TRUE,,TRUE,,TRUE,,TRUE,FALSE,13
2022-12-07 08-31-14.RData,,TRUE_TRUE_TRUE_TRUE_FALSE_TRUE_TRUE_FALSE_TRUE_TRUE_TRUE_TRUE_FALSE,TRUE,,TRUE,,TRUE,,TRUE,,FALSE,,TRUE,,TRUE,,FALSE,,TRUE,,TRUE,,TRUE,,TRUE,,FALSE,FALSE,10
2022-12-07 09-31-14.RData,,TRUE_TRUE_TRUE_TRUE_TRUE_TRUE_TRUE_TRUE_TRUE_TRUE_TRUE_TRUE_TRUE,TRUE,,TRUE,,TRUE,,TRUE,,TRUE,,TRUE,,TRUE,,TRUE,,TRUE,,TRUE,,TRUE,,TRUE,,TRUE,FALSE,13
2022-12-07 10-31-14.RData,,TRUE_TRUE_TRUE_TRUE_TRUE_TRUE_TRUE_TRUE_TRUE_TRUE_TRUE_TRUE_TRUE,TRUE,,TRUE,,TRUE,,TRUE,,TRUE,,TRUE,,TRUE,,TRUE,,TRUE,,TRUE,,TRUE,,TRUE,,TRUE,FALSE,13
2022-12-07 11-31-14.RData,,TRUE_TRUE_TRUE_TRUE_TRUE_TRUE_TRUE_TRUE_TRUE_TRUE_TRUE_TRUE_TRUE,TRUE,,TRUE,,TRUE,,TRUE,,TRUE,,TRUE,,TRUE,,TRUE,,TRUE,,TRUE,,TRUE,,TRUE,,TRUE,FALSE,13
2022-12-07 12-31-14.RData,,TRUE_TRUE_TRUE_TRUE_TRUE_TRUE_TRUE_FALSE_TRUE_TRUE_TRUE_TRUE_TRUE,TRUE,,TRUE,,TRUE,,TRUE,,TRUE,,TRUE,,TRUE,,FALSE,,TRUE,,TRUE,,TRUE,,TRUE,,TRUE,FALSE,12
2022-12-07 13-31-14.RData,,TRUE_TRUE_TRUE_TRUE_TRUE_FALSE_TRUE_TRUE_TRUE_TRUE_TRUE_TRUE_FALSE,TRUE,,TRUE,,TRUE,,TRUE,,TRUE,,FALSE,,TRUE,,TRUE,,TRUE,,TRUE,,TRUE,,TRUE,,FALSE,FALSE,11
2022-12-07 18-31-12.RData,,FALSE_FALSE_FALSE_FALSE_FALSE_FALSE_FALSE_FALSE_FALSE_FALSE_FALSE_FALSE_FALSE,FALSE,,FALSE,,FALSE,,FALSE,,FALSE,,FALSE,,FALSE,,FALSE,,FALSE,,FALSE,,FALSE,,FALSE,,FALSE,TRUE,0
2022-12-07 20-31-13.RData,,FALSE_FALSE_FALSE_FALSE_FALSE_FALSE_FALSE_FALSE_FALSE_FALSE_FALSE_FALSE_FALSE,FALSE,,FALSE,,FALSE,,FALSE,,FALSE,,FALSE,,FALSE,,FALSE,,FALSE,,FALSE,,FALSE,,FALSE,,FALSE,TRUE,0
2022-12-07 21-31-12.RData,,TRUE_TRUE_TRUE_FALSE_FALSE_FALSE_FALSE_FALSE_TRUE_TRUE_TRUE_FALSE_FALSE,TRUE,,TRUE,,TRUE,,FALSE,,FALSE,,FALSE,,FALSE,,FALSE,,TRUE,,TRUE,,TRUE,,FALSE,,FALSE,FALSE,6
2022-12-07 22-31-14.RData,,TRUE_TRUE_FALSE_FALSE_TRUE_FALSE_FALSE_TRUE_TRUE_TRUE_FALSE_TRUE_TRUE,TRUE,,TRUE,,FALSE,,FALSE,,TRUE,,FALSE,,FALSE,,TRUE,,TRUE,,TRUE,,FALSE,,TRUE,,TRUE,FALSE,8
2022-12-07 23-31-13.RData,,TRUE_TRUE_FALSE_TRUE_FALSE_TRUE_TRUE_FALSE_FALSE_FALSE_TRUE_FALSE_FALSE,TRUE,,TRUE,,FALSE,,TRUE,,FALSE,,TRUE,,TRUE,,FALSE,,FALSE,,FALSE,,TRUE,,FALSE,,FALSE,FALSE,6
2022-12-08 00-31-13.RData,,FALSE_FALSE_TRUE_TRUE_TRUE_TRUE_TRUE_TRUE_FALSE_FALSE_TRUE_FALSE_TRUE,FALSE,,FALSE,,TRUE,,TRUE,,TRUE,,TRUE,,TRUE,,TRUE,,FALSE,,FALSE,,TRUE,,FALSE,,TRUE,FALSE,8
2022-12-08 01-31-13.RData,,FALSE_FALSE_TRUE_FALSE_TRUE_TRUE_FALSE_TRUE_FALSE_FALSE_TRUE_TRUE_TRUE,FALSE,,FALSE,,TRUE,,FALSE,,TRUE,,TRUE,,FALSE,,TRUE,,FALSE,,FALSE,,TRUE,,TRUE,,TRUE,FALSE,7
2022-12-08 02-31-13.RData,,FALSE_FALSE_TRUE_TRUE_FALSE_TRUE_FALSE_FALSE_TRUE_FALSE_FALSE_TRUE_FALSE,FALSE,,FALSE,,TRUE,,TRUE,,FALSE,,TRUE,,FALSE,,FALSE,,TRUE,,FALSE,,FALSE,,TRUE,,FALSE,FALSE,5
2022-12-08 04-31-13.RData,,FALSE_TRUE_TRUE_TRUE_FALSE_TRUE_TRUE_TRUE_FALSE_TRUE_TRUE_TRUE_FALSE,FALSE,,TRUE,,TRUE,,TRUE,,FALSE,,TRUE,,TRUE,,TRUE,,FALSE,,TRUE,,TRUE,,TRUE,,FALSE,FALSE,9
2022-12-08 05-31-13.RData,,TRUE_TRUE_TRUE_TRUE_TRUE_TRUE_TRUE_TRUE_TRUE_TRUE_TRUE_TRUE_TRUE,TRUE,,TRUE,,TRUE,,TRUE,,TRUE,,TRUE,,TRUE,,TRUE,,TRUE,,TRUE,,TRUE,,TRUE,,TRUE,FALSE,13
2022-12-08 06-31-13.RData,,TRUE_TRUE_TRUE_TRUE_TRUE_TRUE_TRUE_TRUE_TRUE_TRUE_TRUE_TRUE_TRUE,TRUE,,TRUE,,TRUE,,TRUE,,TRUE,,TRUE,,TRUE,,TRUE,,TRUE,,TRUE,,TRUE,,TRUE,,TRUE,FALSE,13
2022-12-08 07-31-13.RData,,TRUE_TRUE_TRUE_TRUE_TRUE_TRUE_TRUE_TRUE_TRUE_TRUE_TRUE_TRUE_TRUE,TRUE,,TRUE,,TRUE,,TRUE,,TRUE,,TRUE,,TRUE,,TRUE,,TRUE,,TRUE,,TRUE,,TRUE,,TRUE,FALSE,13
2022-12-08 08-31-13.RData,,TRUE_TRUE_TRUE_TRUE_TRUE_TRUE_TRUE_TRUE_TRUE_TRUE_TRUE_TRUE_TRUE,TRUE,,TRUE,,TRUE,,TRUE,,TRUE,,TRUE,,TRUE,,TRUE,,TRUE,,TRUE,,TRUE,,TRUE,,TRUE,FALSE,13
2022-12-08 09-31-13.RData,,TRUE_TRUE_TRUE_TRUE_TRUE_TRUE_TRUE_TRUE_TRUE_TRUE_TRUE_TRUE_TRUE,TRUE,,TRUE,,TRUE,,TRUE,,TRUE,,TRUE,,TRUE,,TRUE,,TRUE,,TRUE,,TRUE,,TRUE,,TRUE,FALSE,13
2022-12-08 10-31-13.RData,,TRUE_TRUE_TRUE_TRUE_TRUE_TRUE_TRUE_TRUE_TRUE_TRUE_TRUE_TRUE_TRUE,TRUE,,TRUE,,TRUE,,TRUE,,TRUE,,TRUE,,TRUE,,TRUE,,TRUE,,TRUE,,TRUE,,TRUE,,TRUE,FALSE,13
2022-12-08 11-31-13.RData,,TRUE_TRUE_TRUE_TRUE_TRUE_TRUE_TRUE_TRUE_TRUE_TRUE_TRUE_TRUE_TRUE,TRUE,,TRUE,,TRUE,,TRUE,,TRUE,,TRUE,,TRUE,,TRUE,,TRUE,,TRUE,,TRUE,,TRUE,,TRUE,FALSE,13
2022-12-08 12-31-13.RData,,TRUE_TRUE_TRUE_TRUE_TRUE_TRUE_TRUE_TRUE_TRUE_TRUE_TRUE_TRUE_TRUE,TRUE,,TRUE,,TRUE,,TRUE,,TRUE,,TRUE,,TRUE,,TRUE,,TRUE,,TRUE,,TRUE,,TRUE,,TRUE,FALSE,13
2022-12-08 13-31-13.RData,,TRUE_TRUE_TRUE_TRUE_TRUE_TRUE_TRUE_FALSE_TRUE_TRUE_TRUE_TRUE_TRUE,TRUE,,TRUE,,TRUE,,TRUE,,TRUE,,TRUE,,TRUE,,FALSE,,TRUE,,TRUE,,TRUE,,TRUE,,TRUE,FALSE,12
2022-12-08 18-31-15.RData,,FALSE_FALSE_FALSE_FALSE_FALSE_FALSE_FALSE_FALSE_FALSE_FALSE_FALSE_FALSE_FALSE,FALSE,,FALSE,,FALSE,,FALSE,,FALSE,,FALSE,,FALSE,,FALSE,,FALSE,,FALSE,,FALSE,,FALSE,,FALSE,TRUE,0
2022-12-08 19-31-14.RData,,TRUE_FALSE_FALSE_FALSE_TRUE_FALSE_FALSE_TRUE_FALSE_FALSE_FALSE_FALSE_TRUE,TRUE,,FALSE,,FALSE,,FALSE,,TRUE,,FALSE,,FALSE,,TRUE,,FALSE,,FALSE,,FALSE,,FALSE,,TRUE,FALSE,4
2022-12-08 20-31-14.RData,,FALSE_FALSE_FALSE_FALSE_FALSE_FALSE_FALSE_FALSE_FALSE_FALSE_FALSE_FALSE_FALSE,FALSE,,FALSE,,FALSE,,FALSE,,FALSE,,FALSE,,FALSE,,FALSE,,FALSE,,FALSE,,FALSE,,FALSE,,FALSE,TRUE,0
2022-12-08 21-31-14.RData,,TRUE_TRUE_FALSE_FALSE_FALSE_FALSE_FALSE_FALSE_TRUE_TRUE_TRUE_FALSE_FALSE,TRUE,,TRUE,,FALSE,,FALSE,,FALSE,,FALSE,,FALSE,,FALSE,,TRUE,,TRUE,,TRUE,,FALSE,,FALSE,FALSE,5
2022-12-08 22-31-13.RData,,TRUE_TRUE_FALSE_TRUE_TRUE_FALSE_FALSE_TRUE_TRUE_TRUE_FALSE_TRUE_TRUE,TRUE,,TRUE,,FALSE,,TRUE,,TRUE,,FALSE,,FALSE,,TRUE,,TRUE,,TRUE,,FALSE,,TRUE,,TRUE,FALSE,9
2022-12-08 23-31-14.RData,,TRUE_TRUE_FALSE_FALSE_FALSE_TRUE_FALSE_TRUE_TRUE_FALSE_TRUE_FALSE_FALSE,TRUE,,TRUE,,FALSE,,FALSE,,FALSE,,TRUE,,FALSE,,TRUE,,TRUE,,FALSE,,TRUE,,FALSE,,FALSE,FALSE,6
2022-12-09 00-31-13.RData,,FALSE_FALSE_TRUE_TRUE_TRUE_TRUE_TRUE_FALSE_FALSE_FALSE_TRUE_TRUE_TRUE,FALSE,,FALSE,,TRUE,,TRUE,,TRUE,,TRUE,,TRUE,,FALSE,,FALSE,,FALSE,,TRUE,,TRUE,,TRUE,FALSE,8
2022-12-09 01-31-14.RData,,TRUE_FALSE_TRUE_FALSE_TRUE_TRUE_FALSE_TRUE_TRUE_FALSE_TRUE_FALSE_TRUE,TRUE,,FALSE,,TRUE,,FALSE,,TRUE,,TRUE,,FALSE,,TRUE,,TRUE,,FALSE,,TRUE,,FALSE,,TRUE,FALSE,8
2022-12-09 02-31-13.RData,,FALSE_TRUE_TRUE_TRUE_FALSE_TRUE_TRUE_FALSE_FALSE_FALSE_TRUE_TRUE_FALSE,FALSE,,TRUE,,TRUE,,TRUE,,FALSE,,TRUE,,TRUE,,FALSE,,FALSE,,FALSE,,TRUE,,TRUE,,FALSE,FALSE,7
2022-12-09 06-31-16.RData,,FALSE_FALSE_FALSE_FALSE_FALSE_FALSE_FALSE_FALSE_FALSE_FALSE_FALSE_FALSE_FALSE,FALSE,,FALSE,,FALSE,,FALSE,,FALSE,,FALSE,,FALSE,,FALSE,,FALSE,,FALSE,,FALSE,,FALSE,,FALSE,TRUE,0
2022-12-09 07-31-13.RData,,TRUE_FALSE_TRUE_TRUE_TRUE_FALSE_TRUE_TRUE_TRUE_TRUE_TRUE_TRUE_TRUE,TRUE,,FALSE,,TRUE,,TRUE,,TRUE,,FALSE,,TRUE,,TRUE,,TRUE,,TRUE,,TRUE,,TRUE,,TRUE,FALSE,11
2022-12-09 08-31-13.RData,,TRUE_TRUE_TRUE_TRUE_TRUE_TRUE_TRUE_TRUE_TRUE_TRUE_TRUE_TRUE_TRUE,TRUE,,TRUE,,TRUE,,TRUE,,TRUE,,TRUE,,TRUE,,TRUE,,TRUE,,TRUE,,TRUE,,TRUE,,TRUE,FALSE,13
2022-12-09 09-31-13.RData,,TRUE_TRUE_TRUE_TRUE_TRUE_TRUE_TRUE_TRUE_TRUE_TRUE_TRUE_TRUE_TRUE,TRUE,,TRUE,,TRUE,,TRUE,,TRUE,,TRUE,,TRUE,,TRUE,,TRUE,,TRUE,,TRUE,,TRUE,,TRUE,FALSE,13
2022-12-09 10-31-13.RData,,TRUE_TRUE_TRUE_TRUE_TRUE_TRUE_TRUE_TRUE_TRUE_TRUE_TRUE_TRUE_TRUE,TRUE,,TRUE,,TRUE,,TRUE,,TRUE,,TRUE,,TRUE,,TRUE,,TRUE,,TRUE,,TRUE,,TRUE,,TRUE,FALSE,13
2022-12-09 11-31-13.RData,,TRUE_TRUE_TRUE_TRUE_TRUE_TRUE_TRUE_TRUE_TRUE_TRUE_TRUE_TRUE_TRUE,TRUE,,TRUE,,TRUE,,TRUE,,TRUE,,TRUE,,TRUE,,TRUE,,TRUE,,TRUE,,TRUE,,TRUE,,TRUE,FALSE,13
2022-12-09 12-31-13.RData,,TRUE_TRUE_TRUE_TRUE_TRUE_TRUE_TRUE_TRUE_TRUE_TRUE_TRUE_TRUE_TRUE,TRUE,,TRUE,,TRUE,,TRUE,,TRUE,,TRUE,,TRUE,,TRUE,,TRUE,,TRUE,,TRUE,,TRUE,,TRUE,FALSE,13
2022-12-09 13-31-13.RData,,TRUE_TRUE_TRUE_TRUE_TRUE_TRUE_TRUE_TRUE_TRUE_TRUE_TRUE_TRUE_TRUE,TRUE,,TRUE,,TRUE,,TRUE,,TRUE,,TRUE,,TRUE,,TRUE,,TRUE,,TRUE,,TRUE,,TRUE,,TRUE,FALSE,13
2022-12-09 14-31-14.RData,,TRUE_TRUE_TRUE_FALSE_FALSE_FALSE_FALSE_FALSE_TRUE_TRUE_TRUE_FALSE_FALSE,TRUE,,TRUE,,TRUE,,FALSE,,FALSE,,FALSE,,FALSE,,FALSE,,TRUE,,TRUE,,TRUE,,FALSE,,FALSE,FALSE,6
2022-12-09 23-31-16.RData,,FALSE_FALSE_FALSE_FALSE_FALSE_FALSE_FALSE_FALSE_FALSE_FALSE_FALSE_FALSE_FALSE,FALSE,,FALSE,,FALSE,,FALSE,,FALSE,,FALSE,,FALSE,,FALSE,,FALSE,,FALSE,,FALSE,,FALSE,,FALSE,TRUE,0
2022-12-10 00-31-13.RData,,FALSE_TRUE_TRUE_TRUE_FALSE_FALSE_TRUE_FALSE_FALSE_TRUE_TRUE_FALSE_TRUE,FALSE,,TRUE,,TRUE,,TRUE,,FALSE,,FALSE,,TRUE,,FALSE,,FALSE,,TRUE,,TRUE,,FALSE,,TRUE,FALSE,7
2022-12-10 01-31-14.RData,,TRUE_TRUE_TRUE_FALSE_TRUE_TRUE_TRUE_TRUE_FALSE_FALSE_TRUE_FALSE_TRUE,TRUE,,TRUE,,TRUE,,FALSE,,TRUE,,TRUE,,TRUE,,TRUE,,FALSE,,FALSE,,TRUE,,FALSE,,TRUE,FALSE,9
2022-12-10 02-31-14.RData,,FALSE_FALSE_TRUE_TRUE_FALSE_TRUE_FALSE_FALSE_FALSE_FALSE_TRUE_TRUE_FALSE,FALSE,,FALSE,,TRUE,,TRUE,,FALSE,,TRUE,,FALSE,,FALSE,,FALSE,,FALSE,,TRUE,,TRUE,,FALSE,FALSE,5
2022-12-10 03-31-13.RData,,FALSE_FALSE_FALSE_FALSE_FALSE_FALSE_FALSE_FALSE_FALSE_FALSE_FALSE_FALSE_FALSE,FALSE,,FALSE,,FALSE,,FALSE,,FALSE,,FALSE,,FALSE,,FALSE,,FALSE,,FALSE,,FALSE,,FALSE,,FALSE,TRUE,0
2022-12-10 04-31-13.RData,,TRUE_TRUE_TRUE_TRUE_TRUE_TRUE_FALSE_TRUE_TRUE_TRUE_TRUE_TRUE_TRUE,TRUE,,TRUE,,TRUE,,TRUE,,TRUE,,TRUE,,FALSE,,TRUE,,TRUE,,TRUE,,TRUE,,TRUE,,TRUE,FALSE,12
2022-12-10 05-31-13.RData,,TRUE_TRUE_TRUE_FALSE_TRUE_TRUE_FALSE_TRUE_TRUE_TRUE_TRUE_FALSE_TRUE,TRUE,,TRUE,,TRUE,,FALSE,,TRUE,,TRUE,,FALSE,,TRUE,,TRUE,,TRUE,,TRUE,,FALSE,,TRUE,FALSE,10
2022-12-10 06-31-14.RData,,TRUE_TRUE_FALSE_FALSE_FALSE_TRUE_FALSE_TRUE_FALSE_FALSE_FALSE_FALSE_FALSE,TRUE,,TRUE,,FALSE,,FALSE,,FALSE,,TRUE,,FALSE,,TRUE,,FALSE,,FALSE,,FALSE,,FALSE,,FALSE,FALSE,4
2022-12-10 07-31-15.RData,,FALSE_FALSE_FALSE_FALSE_FALSE_FALSE_FALSE_FALSE_FALSE_FALSE_FALSE_FALSE_FALSE,FALSE,,FALSE,,FALSE,,FALSE,,FALSE,,FALSE,,FALSE,,FALSE,,FALSE,,FALSE,,FALSE,,FALSE,,FALSE,TRUE,0
2022-12-10 08-31-13.RData,,TRUE_TRUE_TRUE_TRUE_TRUE_TRUE_TRUE_TRUE_TRUE_TRUE_TRUE_TRUE_TRUE,TRUE,,TRUE,,TRUE,,TRUE,,TRUE,,TRUE,,TRUE,,TRUE,,TRUE,,TRUE,,TRUE,,TRUE,,TRUE,FALSE,13
2022-12-10 09-31-13.RData,,TRUE_TRUE_TRUE_TRUE_TRUE_TRUE_TRUE_TRUE_TRUE_TRUE_TRUE_TRUE_TRUE,TRUE,,TRUE,,TRUE,,TRUE,,TRUE,,TRUE,,TRUE,,TRUE,,TRUE,,TRUE,,TRUE,,TRUE,,TRUE,FALSE,13
2022-12-10 10-31-13.RData,,TRUE_TRUE_TRUE_TRUE_TRUE_TRUE_TRUE_TRUE_TRUE_TRUE_TRUE_TRUE_TRUE,TRUE,,TRUE,,TRUE,,TRUE,,TRUE,,TRUE,,TRUE,,TRUE,,TRUE,,TRUE,,TRUE,,TRUE,,TRUE,FALSE,13
2022-12-10 14-31-14.RData,,FALSE_FALSE_FALSE_FALSE_FALSE_FALSE_FALSE_FALSE_FALSE_FALSE_FALSE_FALSE_FALSE,FALSE,,FALSE,,FALSE,,FALSE,,FALSE,,FALSE,,FALSE,,FALSE,,FALSE,,FALSE,,FALSE,,FALSE,,FALSE,TRUE,0
2022-12-10 19-31-13.RData,,FALSE_FALSE_FALSE_FALSE_FALSE_FALSE_FALSE_FALSE_FALSE_FALSE_FALSE_FALSE_FALSE,FALSE,,FALSE,,FALSE,,FALSE,,FALSE,,FALSE,,FALSE,,FALSE,,FALSE,,FALSE,,FALSE,,FALSE,,FALSE,TRUE,0
2022-12-10 21-31-15.RData,,TRUE_FALSE_FALSE_FALSE_TRUE_FALSE_FALSE_TRUE_FALSE_FALSE_FALSE_FALSE_TRUE,TRUE,,FALSE,,FALSE,,FALSE,,TRUE,,FALSE,,FALSE,,TRUE,,FALSE,,FALSE,,FALSE,,FALSE,,TRUE,FALSE,4
2022-12-10 22-31-13.RData,,FALSE_TRUE_TRUE_TRUE_TRUE_FALSE_FALSE_TRUE_FALSE_TRUE_TRUE_TRUE_TRUE,FALSE,,TRUE,,TRUE,,TRUE,,TRUE,,FALSE,,FALSE,,TRUE,,FALSE,,TRUE,,TRUE,,TRUE,,TRUE,FALSE,9
2022-12-10 23-31-14.RData,,TRUE_TRUE_FALSE_TRUE_FALSE_TRUE_TRUE_TRUE_TRUE_TRUE_FALSE_TRUE_FALSE,TRUE,,TRUE,,FALSE,,TRUE,,FALSE,,TRUE,,TRUE,,TRUE,,TRUE,,TRUE,,FALSE,,TRUE,,FALSE,FALSE,9
2022-12-11 00-31-13.RData,,FALSE_TRUE_FALSE_FALSE_FALSE_FALSE_FALSE_FALSE_FALSE_TRUE_TRUE_FALSE_FALSE,FALSE,,TRUE,,FALSE,,FALSE,,FALSE,,FALSE,,FALSE,,FALSE,,FALSE,,TRUE,,TRUE,,FALSE,,FALSE,FALSE,3
2022-12-11 01-31-13.RData,,TRUE_TRUE_TRUE_TRUE_TRUE_TRUE_TRUE_TRUE_TRUE_TRUE_TRUE_FALSE_TRUE,TRUE,,TRUE,,TRUE,,TRUE,,TRUE,,TRUE,,TRUE,,TRUE,,TRUE,,TRUE,,TRUE,,FALSE,,TRUE,FALSE,12
2022-12-11 02-31-14.RData,,FALSE_FALSE_TRUE_FALSE_FALSE_TRUE_FALSE_FALSE_FALSE_FALSE_TRUE_TRUE_FALSE,FALSE,,FALSE,,TRUE,,FALSE,,FALSE,,TRUE,,FALSE,,FALSE,,FALSE,,FALSE,,TRUE,,TRUE,,FALSE,FALSE,4
2022-12-11 03-31-13.RData,,FALSE_FALSE_FALSE_FALSE_FALSE_FALSE_FALSE_FALSE_TRUE_FALSE_FALSE_FALSE_FALSE,FALSE,,FALSE,,FALSE,,FALSE,,FALSE,,FALSE,,FALSE,,FALSE,,TRUE,,FALSE,,FALSE,,FALSE,,FALSE,FALSE,1
2022-12-11 04-31-13.RData,,TRUE_TRUE_TRUE_FALSE_TRUE_TRUE_FALSE_TRUE_TRUE_FALSE_TRUE_TRUE_TRUE,TRUE,,TRUE,,TRUE,,FALSE,,TRUE,,TRUE,,FALSE,,TRUE,,TRUE,,FALSE,,TRUE,,TRUE,,TRUE,FALSE,10
2022-12-11 05-31-13.RData,,TRUE_TRUE_TRUE_FALSE_TRUE_TRUE_FALSE_TRUE_TRUE_TRUE_TRUE_FALSE_TRUE,TRUE,,TRUE,,TRUE,,FALSE,,TRUE,,TRUE,,FALSE,,TRUE,,TRUE,,TRUE,,TRUE,,FALSE,,TRUE,FALSE,10
2022-12-11 06-31-13.RData,,TRUE_TRUE_TRUE_FALSE_TRUE_TRUE_FALSE_TRUE_TRUE_TRUE_FALSE_FALSE_FALSE,TRUE,,TRUE,,TRUE,,FALSE,,TRUE,,TRUE,,FALSE,,TRUE,,TRUE,,TRUE,,FALSE,,FALSE,,FALSE,FALSE,8
2022-12-11 07-31-13.RData,,FALSE_FALSE_FALSE_FALSE_FALSE_FALSE_FALSE_FALSE_FALSE_FALSE_FALSE_TRUE_TRUE,FALSE,,FALSE,,FALSE,,FALSE,,FALSE,,FALSE,,FALSE,,FALSE,,FALSE,,FALSE,,FALSE,,TRUE,,TRUE,FALSE,2
2022-12-11 08-31-13.RData,,FALSE_FALSE_FALSE_FALSE_FALSE_FALSE_TRUE_FALSE_FALSE_FALSE_FALSE_FALSE_FALSE,FALSE,,FALSE,,FALSE,,FALSE,,FALSE,,FALSE,,TRUE,,FALSE,,FALSE,,FALSE,,FALSE,,FALSE,,FALSE,FALSE,1
2022-12-11 09-31-13.RData,,TRUE_TRUE_TRUE_TRUE_TRUE_TRUE_TRUE_TRUE_TRUE_TRUE_TRUE_TRUE_TRUE,TRUE,,TRUE,,TRUE,,TRUE,,TRUE,,TRUE,,TRUE,,TRUE,,TRUE,,TRUE,,TRUE,,TRUE,,TRUE,FALSE,13
2022-12-11 10-31-13.RData,,TRUE_TRUE_TRUE_TRUE_TRUE_TRUE_TRUE_TRUE_TRUE_TRUE_TRUE_TRUE_TRUE,TRUE,,TRUE,,TRUE,,TRUE,,TRUE,,TRUE,,TRUE,,TRUE,,TRUE,,TRUE,,TRUE,,TRUE,,TRUE,FALSE,13
2022-12-11 11-31-14.RData,,TRUE_TRUE_TRUE_TRUE_TRUE_TRUE_TRUE_TRUE_TRUE_TRUE_TRUE_TRUE_TRUE,TRUE,,TRUE,,TRUE,,TRUE,,TRUE,,TRUE,,TRUE,,TRUE,,TRUE,,TRUE,,TRUE,,TRUE,,TRUE,FALSE,13
2022-12-11 12-31-13.RData,,TRUE_TRUE_TRUE_FALSE_TRUE_TRUE_FALSE_TRUE_TRUE_TRUE_TRUE_FALSE_TRUE,TRUE,,TRUE,,TRUE,,FALSE,,TRUE,,TRUE,,FALSE,,TRUE,,TRUE,,TRUE,,TRUE,,FALSE,,TRUE,FALSE,10
2022-12-11 13-31-14.RData,,FALSE_FALSE_FALSE_TRUE_TRUE_TRUE_FALSE_TRUE_FALSE_FALSE_FALSE_TRUE_TRUE,FALSE,,FALSE,,FALSE,,TRUE,,TRUE,,TRUE,,FALSE,,TRUE,,FALSE,,FALSE,,FALSE,,TRUE,,TRUE,FALSE,6
2022-12-11 14-31-15.RData,,FALSE_FALSE_FALSE_FALSE_FALSE_FALSE_FALSE_FALSE_FALSE_FALSE_FALSE_FALSE_FALSE,FALSE,,FALSE,,FALSE,,FALSE,,FALSE,,FALSE,,FALSE,,FALSE,,FALSE,,FALSE,,FALSE,,FALSE,,FALSE,TRUE,0
2022-12-11 15-31-14.RData,,TRUE_TRUE_TRUE_FALSE_TRUE_TRUE_FALSE_FALSE_TRUE_TRUE_TRUE_FALSE_TRUE,TRUE,,TRUE,,TRUE,,FALSE,,TRUE,,TRUE,,FALSE,,FALSE,,TRUE,,TRUE,,TRUE,,FALSE,,TRUE,FALSE,9
2022-12-11 16-31-13.RData,,FALSE_FALSE_TRUE_FALSE_FALSE_TRUE_FALSE_FALSE_FALSE_FALSE_TRUE_FALSE_FALSE,FALSE,,FALSE,,TRUE,,FALSE,,FALSE,,TRUE,,FALSE,,FALSE,,FALSE,,FALSE,,TRUE,,FALSE,,FALSE,FALSE,3
2022-12-11 17-31-13.RData,,TRUE_TRUE_TRUE_FALSE_TRUE_TRUE_TRUE_TRUE_TRUE_TRUE_TRUE_FALSE_TRUE,TRUE,,TRUE,,TRUE,,FALSE,,TRUE,,TRUE,,TRUE,,TRUE,,TRUE,,TRUE,,TRUE,,FALSE,,TRUE,FALSE,11
2022-12-11 18-31-13.RData,,TRUE_TRUE_TRUE_FALSE_TRUE_TRUE_FALSE_TRUE_TRUE_TRUE_TRUE_TRUE_TRUE,TRUE,,TRUE,,TRUE,,FALSE,,TRUE,,TRUE,,FALSE,,TRUE,,TRUE,,TRUE,,TRUE,,TRUE,,TRUE,FALSE,11
2022-12-11 19-31-14.RData,,TRUE_TRUE_FALSE_FALSE_TRUE_TRUE_TRUE_TRUE_FALSE_TRUE_FALSE_FALSE_TRUE,TRUE,,TRUE,,FALSE,,FALSE,,TRUE,,TRUE,,TRUE,,TRUE,,FALSE,,TRUE,,FALSE,,FALSE,,TRUE,FALSE,8
2022-12-11 20-31-14.RData,,FALSE_TRUE_FALSE_FALSE_TRUE_FALSE_FALSE_TRUE_TRUE_TRUE_FALSE_FALSE_TRUE,FALSE,,TRUE,,FALSE,,FALSE,,TRUE,,FALSE,,FALSE,,TRUE,,TRUE,,TRUE,,FALSE,,FALSE,,TRUE,FALSE,6
2022-12-11 21-31-14.RData,,TRUE_FALSE_FALSE_FALSE_TRUE_FALSE_FALSE_TRUE_TRUE_FALSE_FALSE_FALSE_TRUE,TRUE,,FALSE,,FALSE,,FALSE,,TRUE,,FALSE,,FALSE,,TRUE,,TRUE,,FALSE,,FALSE,,FALSE,,TRUE,FALSE,5
2022-12-11 22-31-13.RData,,FALSE_FALSE_FALSE_FALSE_TRUE_FALSE_FALSE_TRUE_FALSE_FALSE_FALSE_FALSE_TRUE,FALSE,,FALSE,,FALSE,,FALSE,,TRUE,,FALSE,,FALSE,,TRUE,,FALSE,,FALSE,,FALSE,,FALSE,,TRUE,FALSE,3
2022-12-11 23-31-14.RData,,TRUE_TRUE_TRUE_TRUE_TRUE_TRUE_TRUE_TRUE_TRUE_TRUE_FALSE_TRUE_FALSE,TRUE,,TRUE,,TRUE,,TRUE,,TRUE,,TRUE,,TRUE,,TRUE,,TRUE,,TRUE,,FALSE,,TRUE,,FALSE,FALSE,11
2022-12-12 00-31-13.RData,,FALSE_TRUE_FALSE_FALSE_FALSE_FALSE_FALSE_FALSE_FALSE_TRUE_FALSE_FALSE_FALSE,FALSE,,TRUE,,FALSE,,FALSE,,FALSE,,FALSE,,FALSE,,FALSE,,FALSE,,TRUE,,FALSE,,FALSE,,FALSE,FALSE,2
2022-12-12 01-31-13.RData,,TRUE_TRUE_TRUE_TRUE_TRUE_TRUE_TRUE_TRUE_TRUE_TRUE_TRUE_TRUE_TRUE,TRUE,,TRUE,,TRUE,,TRUE,,TRUE,,TRUE,,TRUE,,TRUE,,TRUE,,TRUE,,TRUE,,TRUE,,TRUE,FALSE,13
2022-12-12 02-31-14.RData,,TRUE_TRUE_TRUE_FALSE_FALSE_TRUE_FALSE_FALSE_FALSE_FALSE_TRUE_FALSE_FALSE,TRUE,,TRUE,,TRUE,,FALSE,,FALSE,,TRUE,,FALSE,,FALSE,,FALSE,,FALSE,,TRUE,,FALSE,,FALSE,FALSE,5
2022-12-12 03-31-14.RData,,FALSE_FALSE_FALSE_FALSE_FALSE_FALSE_FALSE_FALSE_FALSE_FALSE_FALSE_FALSE_FALSE,FALSE,,FALSE,,FALSE,,FALSE,,FALSE,,FALSE,,FALSE,,FALSE,,FALSE,,FALSE,,FALSE,,FALSE,,FALSE,TRUE,0
2022-12-12 04-31-13.RData,,FALSE_FALSE_TRUE_FALSE_TRUE_TRUE_FALSE_TRUE_TRUE_FALSE_TRUE_FALSE_TRUE,FALSE,,FALSE,,TRUE,,FALSE,,TRUE,,TRUE,,FALSE,,TRUE,,TRUE,,FALSE,,TRUE,,FALSE,,TRUE,FALSE,7
2022-12-12 05-31-13.RData,,TRUE_TRUE_TRUE_TRUE_TRUE_TRUE_TRUE_TRUE_TRUE_TRUE_TRUE_FALSE_TRUE,TRUE,,TRUE,,TRUE,,TRUE,,TRUE,,TRUE,,TRUE,,TRUE,,TRUE,,TRUE,,TRUE,,FALSE,,TRUE,FALSE,12
2022-12-12 06-31-13.RData,,TRUE_TRUE_TRUE_FALSE_TRUE_TRUE_FALSE_TRUE_TRUE_TRUE_TRUE_FALSE_TRUE,TRUE,,TRUE,,TRUE,,FALSE,,TRUE,,TRUE,,FALSE,,TRUE,,TRUE,,TRUE,,TRUE,,FALSE,,TRUE,FALSE,10
2022-12-12 07-31-14.RData,,FALSE_FALSE_FALSE_FALSE_FALSE_FALSE_FALSE_FALSE_FALSE_FALSE_FALSE_FALSE_FALSE,FALSE,,FALSE,,FALSE,,FALSE,,FALSE,,FALSE,,FALSE,,FALSE,,FALSE,,FALSE,,FALSE,,FALSE,,FALSE,TRUE,0
2022-12-12 08-31-13.RData,,FALSE_FALSE_FALSE_FALSE_FALSE_FALSE_FALSE_TRUE_FALSE_FALSE_FALSE_FALSE_FALSE,FALSE,,FALSE,,FALSE,,FALSE,,FALSE,,FALSE,,FALSE,,TRUE,,FALSE,,FALSE,,FALSE,,FALSE,,FALSE,FALSE,1
2022-12-12 09-31-13.RData,,TRUE_TRUE_TRUE_TRUE_TRUE_TRUE_TRUE_TRUE_TRUE_TRUE_TRUE_TRUE_TRUE,TRUE,,TRUE,,TRUE,,TRUE,,TRUE,,TRUE,,TRUE,,TRUE,,TRUE,,TRUE,,TRUE,,TRUE,,TRUE,FALSE,13
2022-12-12 10-31-14.RData,,TRUE_TRUE_TRUE_TRUE_TRUE_TRUE_TRUE_TRUE_TRUE_TRUE_TRUE_TRUE_TRUE,TRUE,,TRUE,,TRUE,,TRUE,,TRUE,,TRUE,,TRUE,,TRUE,,TRUE,,TRUE,,TRUE,,TRUE,,TRUE,FALSE,13
2022-12-12 11-31-14.RData,,TRUE_TRUE_TRUE_TRUE_TRUE_TRUE_TRUE_TRUE_TRUE_TRUE_TRUE_TRUE_TRUE,TRUE,,TRUE,,TRUE,,TRUE,,TRUE,,TRUE,,TRUE,,TRUE,,TRUE,,TRUE,,TRUE,,TRUE,,TRUE,FALSE,13
2022-12-12 12-31-13.RData,,TRUE_TRUE_TRUE_FALSE_TRUE_TRUE_FALSE_TRUE_TRUE_TRUE_TRUE_FALSE_TRUE,TRUE,,TRUE,,TRUE,,FALSE,,TRUE,,TRUE,,FALSE,,TRUE,,TRUE,,TRUE,,TRUE,,FALSE,,TRUE,FALSE,10
2022-12-12 13-31-14.RData,,TRUE_FALSE_FALSE_FALSE_TRUE_FALSE_FALSE_TRUE_FALSE_FALSE_FALSE_TRUE_TRUE,TRUE,,FALSE,,FALSE,,FALSE,,TRUE,,FALSE,,FALSE,,TRUE,,FALSE,,FALSE,,FALSE,,TRUE,,TRUE,FALSE,5
2022-12-12 14-31-15.RData,,TRUE_FALSE_FALSE_FALSE_FALSE_FALSE_FALSE_TRUE_FALSE_FALSE_TRUE_FALSE_FALSE,TRUE,,FALSE,,FALSE,,FALSE,,FALSE,,FALSE,,FALSE,,TRUE,,FALSE,,FALSE,,TRUE,,FALSE,,FALSE,FALSE,3
2022-12-12 18-31-13.RData,,FALSE_FALSE_FALSE_FALSE_FALSE_TRUE_FALSE_FALSE_FALSE_FALSE_FALSE_FALSE_FALSE,FALSE,,FALSE,,FALSE,,FALSE,,FALSE,,TRUE,,FALSE,,FALSE,,FALSE,,FALSE,,FALSE,,FALSE,,FALSE,FALSE,1
2022-12-12 19-31-14.RData,,TRUE_TRUE_TRUE_FALSE_TRUE_TRUE_FALSE_TRUE_TRUE_TRUE_FALSE_FALSE_TRUE,TRUE,,TRUE,,TRUE,,FALSE,,TRUE,,TRUE,,FALSE,,TRUE,,TRUE,,TRUE,,FALSE,,FALSE,,TRUE,FALSE,9
2022-12-12 20-31-14.RData,,FALSE_TRUE_FALSE_FALSE_TRUE_FALSE_FALSE_TRUE_FALSE_TRUE_FALSE_FALSE_TRUE,FALSE,,TRUE,,FALSE,,FALSE,,TRUE,,FALSE,,FALSE,,TRUE,,FALSE,,TRUE,,FALSE,,FALSE,,TRUE,FALSE,5
2022-12-12 22-31-13.RData,,FALSE_FALSE_FALSE_FALSE_TRUE_FALSE_FALSE_TRUE_FALSE_FALSE_FALSE_FALSE_TRUE,FALSE,,FALSE,,FALSE,,FALSE,,TRUE,,FALSE,,FALSE,,TRUE,,FALSE,,FALSE,,FALSE,,FALSE,,TRUE,FALSE,3
2022-12-12 23-31-13.RData,,TRUE_TRUE_TRUE_FALSE_TRUE_TRUE_TRUE_TRUE_TRUE_TRUE_TRUE_TRUE_TRUE,TRUE,,TRUE,,TRUE,,FALSE,,TRUE,,TRUE,,TRUE,,TRUE,,TRUE,,TRUE,,TRUE,,TRUE,,TRUE,FALSE,12
2022-12-13 00-31-15.RData,,FALSE_TRUE_FALSE_FALSE_FALSE_FALSE_FALSE_FALSE_FALSE_TRUE_FALSE_FALSE_FALSE,FALSE,,TRUE,,FALSE,,FALSE,,FALSE,,FALSE,,FALSE,,FALSE,,FALSE,,TRUE,,FALSE,,FALSE,,FALSE,FALSE,2
2022-12-13 01-31-22.RData,,FALSE_TRUE_TRUE_TRUE_TRUE_TRUE_TRUE_TRUE_TRUE_TRUE_TRUE_TRUE_TRUE,FALSE,,TRUE,,TRUE,,TRUE,,TRUE,,TRUE,,TRUE,,TRUE,,TRUE,,TRUE,,TRUE,,TRUE,,TRUE,FALSE,12
2022-12-13 02-31-13.RData,,TRUE_TRUE_TRUE_FALSE_FALSE_TRUE_FALSE_FALSE_TRUE_TRUE_TRUE_FALSE_FALSE,TRUE,,TRUE,,TRUE,,FALSE,,FALSE,,TRUE,,FALSE,,FALSE,,TRUE,,TRUE,,TRUE,,FALSE,,FALSE,FALSE,7
2022-12-13 03-31-14.RData,,FALSE_FALSE_FALSE_FALSE_FALSE_FALSE_FALSE_FALSE_FALSE_FALSE_FALSE_FALSE_FALSE,FALSE,,FALSE,,FALSE,,FALSE,,FALSE,,FALSE,,FALSE,,FALSE,,FALSE,,FALSE,,FALSE,,FALSE,,FALSE,TRUE,0
2022-12-13 04-31-13.RData,,TRUE_FALSE_TRUE_FALSE_TRUE_FALSE_FALSE_TRUE_TRUE_FALSE_TRUE_FALSE_TRUE,TRUE,,FALSE,,TRUE,,FALSE,,TRUE,,FALSE,,FALSE,,TRUE,,TRUE,,FALSE,,TRUE,,FALSE,,TRUE,FALSE,7
2022-12-13 05-31-12.RData,,TRUE_TRUE_TRUE_TRUE_TRUE_TRUE_TRUE_TRUE_TRUE_TRUE_TRUE_TRUE_TRUE,TRUE,,TRUE,,TRUE,,TRUE,,TRUE,,TRUE,,TRUE,,TRUE,,TRUE,,TRUE,,TRUE,,TRUE,,TRUE,FALSE,13
2022-12-13 06-31-12.RData,,TRUE_TRUE_TRUE_FALSE_TRUE_TRUE_FALSE_TRUE_TRUE_TRUE_TRUE_FALSE_TRUE,TRUE,,TRUE,,TRUE,,FALSE,,TRUE,,TRUE,,FALSE,,TRUE,,TRUE,,TRUE,,TRUE,,FALSE,,TRUE,FALSE,10
2022-12-13 07-31-13.RData,,FALSE_FALSE_FALSE_FALSE_FALSE_FALSE_FALSE_FALSE_FALSE_FALSE_FALSE_FALSE_FALSE,FALSE,,FALSE,,FALSE,,FALSE,,FALSE,,FALSE,,FALSE,,FALSE,,FALSE,,FALSE,,FALSE,,FALSE,,FALSE,TRUE,0
2022-12-13 08-31-15.RData,,FALSE_FALSE_FALSE_FALSE_FALSE_FALSE_FALSE_FALSE_FALSE_FALSE_FALSE_FALSE_FALSE,FALSE,,FALSE,,FALSE,,FALSE,,FALSE,,FALSE,,FALSE,,FALSE,,FALSE,,FALSE,,FALSE,,FALSE,,FALSE,TRUE,0
2022-12-13 09-31-12.RData,,TRUE_TRUE_TRUE_TRUE_TRUE_TRUE_TRUE_TRUE_TRUE_TRUE_TRUE_TRUE_TRUE,TRUE,,TRUE,,TRUE,,TRUE,,TRUE,,TRUE,,TRUE,,TRUE,,TRUE,,TRUE,,TRUE,,TRUE,,TRUE,FALSE,13
2022-12-13 10-31-14.RData,,TRUE_TRUE_TRUE_TRUE_TRUE_TRUE_TRUE_TRUE_TRUE_TRUE_TRUE_TRUE_TRUE,TRUE,,TRUE,,TRUE,,TRUE,,TRUE,,TRUE,,TRUE,,TRUE,,TRUE,,TRUE,,TRUE,,TRUE,,TRUE,FALSE,13
2022-12-13 11-31-13.RData,,TRUE_TRUE_TRUE_TRUE_TRUE_TRUE_TRUE_TRUE_TRUE_TRUE_TRUE_TRUE_TRUE,TRUE,,TRUE,,TRUE,,TRUE,,TRUE,,TRUE,,TRUE,,TRUE,,TRUE,,TRUE,,TRUE,,TRUE,,TRUE,FALSE,13
2022-12-13 12-31-12.RData,,TRUE_TRUE_TRUE_TRUE_TRUE_TRUE_FALSE_TRUE_TRUE_TRUE_TRUE_FALSE_TRUE,TRUE,,TRUE,,TRUE,,TRUE,,TRUE,,TRUE,,FALSE,,TRUE,,TRUE,,TRUE,,TRUE,,FALSE,,TRUE,FALSE,11
2022-12-13 13-31-13.RData,,FALSE_FALSE_FALSE_FALSE_TRUE_FALSE_FALSE_TRUE_FALSE_FALSE_FALSE_FALSE_TRUE,FALSE,,FALSE,,FALSE,,FALSE,,TRUE,,FALSE,,FALSE,,TRUE,,FALSE,,FALSE,,FALSE,,FALSE,,TRUE,FALSE,3
2022-12-13 17-31-13.RData,,FALSE_FALSE_FALSE_FALSE_FALSE_FALSE_FALSE_FALSE_FALSE_FALSE_FALSE_FALSE_FALSE,FALSE,,FALSE,,FALSE,,FALSE,,FALSE,,FALSE,,FALSE,,FALSE,,FALSE,,FALSE,,FALSE,,FALSE,,FALSE,TRUE,0
2022-12-13 18-31-13.RData,,FALSE_FALSE_FALSE_FALSE_TRUE_FALSE_FALSE_TRUE_FALSE_TRUE_FALSE_FALSE_FALSE,FALSE,,FALSE,,FALSE,,FALSE,,TRUE,,FALSE,,FALSE,,TRUE,,FALSE,,TRUE,,FALSE,,FALSE,,FALSE,FALSE,3
2022-12-13 19-31-12.RData,,TRUE_TRUE_TRUE_FALSE_TRUE_TRUE_FALSE_TRUE_TRUE_TRUE_TRUE_FALSE_TRUE,TRUE,,TRUE,,TRUE,,FALSE,,TRUE,,TRUE,,FALSE,,TRUE,,TRUE,,TRUE,,TRUE,,FALSE,,TRUE,FALSE,10
2022-12-13 20-31-12.RData,,FALSE_TRUE_FALSE_FALSE_TRUE_FALSE_FALSE_TRUE_FALSE_TRUE_FALSE_FALSE_TRUE,FALSE,,TRUE,,FALSE,,FALSE,,TRUE,,FALSE,,FALSE,,TRUE,,FALSE,,TRUE,,FALSE,,FALSE,,TRUE,FALSE,5
2022-12-13 21-31-12.RData,,FALSE_TRUE_FALSE_FALSE_TRUE_FALSE_FALSE_TRUE_TRUE_TRUE_FALSE_FALSE_TRUE,FALSE,,TRUE,,FALSE,,FALSE,,TRUE,,FALSE,,FALSE,,TRUE,,TRUE,,TRUE,,FALSE,,FALSE,,TRUE,FALSE,6
2022-12-13 22-31-14.RData,,FALSE_FALSE_FALSE_FALSE_TRUE_FALSE_FALSE_TRUE_FALSE_FALSE_FALSE_FALSE_TRUE,FALSE,,FALSE,,FALSE,,FALSE,,TRUE,,FALSE,,FALSE,,TRUE,,FALSE,,FALSE,,FALSE,,FALSE,,TRUE,FALSE,3
2022-12-13 23-31-13.RData,,TRUE_TRUE_TRUE_TRUE_TRUE_TRUE_TRUE_TRUE_TRUE_TRUE_TRUE_TRUE_TRUE,TRUE,,TRUE,,TRUE,,TRUE,,TRUE,,TRUE,,TRUE,,TRUE,,TRUE,,TRUE,,TRUE,,TRUE,,TRUE,FALSE,13
2022-12-14 00-31-13.RData,,FALSE_TRUE_FALSE_TRUE_FALSE_FALSE_TRUE_FALSE_FALSE_TRUE_FALSE_TRUE_FALSE,FALSE,,TRUE,,FALSE,,TRUE,,FALSE,,FALSE,,TRUE,,FALSE,,FALSE,,TRUE,,FALSE,,TRUE,,FALSE,FALSE,5
2022-12-14 01-31-14.RData,,FALSE_TRUE_FALSE_FALSE_FALSE_TRUE_FALSE_FALSE_FALSE_TRUE_TRUE_FALSE_FALSE,FALSE,,TRUE,,FALSE,,FALSE,,FALSE,,TRUE,,FALSE,,FALSE,,FALSE,,TRUE,,TRUE,,FALSE,,FALSE,FALSE,4
2022-12-14 02-31-13.RData,,TRUE_TRUE_TRUE_FALSE_FALSE_TRUE_TRUE_FALSE_TRUE_TRUE_TRUE_FALSE_FALSE,TRUE,,TRUE,,TRUE,,FALSE,,FALSE,,TRUE,,TRUE,,FALSE,,TRUE,,TRUE,,TRUE,,FALSE,,FALSE,FALSE,8
2022-12-14 03-31-13.RData,,FALSE_FALSE_FALSE_FALSE_FALSE_TRUE_FALSE_FALSE_FALSE_FALSE_FALSE_FALSE_FALSE,FALSE,,FALSE,,FALSE,,FALSE,,FALSE,,TRUE,,FALSE,,FALSE,,FALSE,,FALSE,,FALSE,,FALSE,,FALSE,FALSE,1
2022-12-14 04-31-13.RData,,FALSE_FALSE_FALSE_FALSE_TRUE_FALSE_FALSE_TRUE_TRUE_FALSE_TRUE_FALSE_TRUE,FALSE,,FALSE,,FALSE,,FALSE,,TRUE,,FALSE,,FALSE,,TRUE,,TRUE,,FALSE,,TRUE,,FALSE,,TRUE,FALSE,5
2022-12-14 05-31-12.RData,,TRUE_TRUE_TRUE_TRUE_TRUE_TRUE_FALSE_TRUE_TRUE_FALSE_TRUE_TRUE_TRUE,TRUE,,TRUE,,TRUE,,TRUE,,TRUE,,TRUE,,FALSE,,TRUE,,TRUE,,FALSE,,TRUE,,TRUE,,TRUE,FALSE,11
2022-12-14 06-31-13.RData,,TRUE_TRUE_TRUE_FALSE_TRUE_TRUE_FALSE_TRUE_TRUE_TRUE_TRUE_FALSE_TRUE,TRUE,,TRUE,,TRUE,,FALSE,,TRUE,,TRUE,,FALSE,,TRUE,,TRUE,,TRUE,,TRUE,,FALSE,,TRUE,FALSE,10
2022-12-14 07-31-13.RData,,FALSE_FALSE_FALSE_FALSE_FALSE_FALSE_FALSE_TRUE_FALSE_FALSE_FALSE_FALSE_FALSE,FALSE,,FALSE,,FALSE,,FALSE,,FALSE,,FALSE,,FALSE,,TRUE,,FALSE,,FALSE,,FALSE,,FALSE,,FALSE,FALSE,1
2022-12-14 08-31-13.RData,,FALSE_FALSE_TRUE_TRUE_TRUE_FALSE_FALSE_FALSE_FALSE_FALSE_TRUE_TRUE_TRUE,FALSE,,FALSE,,TRUE,,TRUE,,TRUE,,FALSE,,FALSE,,FALSE,,FALSE,,FALSE,,TRUE,,TRUE,,TRUE,FALSE,6
2022-12-14 09-31-13.RData,,FALSE_FALSE_FALSE_FALSE_FALSE_FALSE_FALSE_FALSE_FALSE_FALSE_FALSE_FALSE_FALSE,FALSE,,FALSE,,FALSE,,FALSE,,FALSE,,FALSE,,FALSE,,FALSE,,FALSE,,FALSE,,FALSE,,FALSE,,FALSE,TRUE,0
2022-12-14 10-31-13.RData,,TRUE_TRUE_TRUE_TRUE_TRUE_TRUE_TRUE_TRUE_TRUE_TRUE_TRUE_TRUE_TRUE,TRUE,,TRUE,,TRUE,,TRUE,,TRUE,,TRUE,,TRUE,,TRUE,,TRUE,,TRUE,,TRUE,,TRUE,,TRUE,FALSE,13
2022-12-14 11-31-13.RData,,TRUE_TRUE_TRUE_TRUE_TRUE_TRUE_TRUE_TRUE_TRUE_TRUE_TRUE_TRUE_TRUE,TRUE,,TRUE,,TRUE,,TRUE,,TRUE,,TRUE,,TRUE,,TRUE,,TRUE,,TRUE,,TRUE,,TRUE,,TRUE,FALSE,13
2022-12-14 12-31-13.RData,,TRUE_TRUE_TRUE_FALSE_TRUE_TRUE_TRUE_TRUE_TRUE_TRUE_TRUE_TRUE_TRUE,TRUE,,TRUE,,TRUE,,FALSE,,TRUE,,TRUE,,TRUE,,TRUE,,TRUE,,TRUE,,TRUE,,TRUE,,TRUE,FALSE,12
2022-12-14 13-31-14.RData,,TRUE_TRUE_FALSE_FALSE_TRUE_FALSE_FALSE_TRUE_FALSE_FALSE_FALSE_FALSE_TRUE,TRUE,,TRUE,,FALSE,,FALSE,,TRUE,,FALSE,,FALSE,,TRUE,,FALSE,,FALSE,,FALSE,,FALSE,,TRUE,FALSE,5
2022-12-14 14-31-14.RData,,FALSE_FALSE_FALSE_FALSE_TRUE_TRUE_FALSE_TRUE_FALSE_FALSE_FALSE_FALSE_TRUE,FALSE,,FALSE,,FALSE,,FALSE,,TRUE,,TRUE,,FALSE,,TRUE,,FALSE,,FALSE,,FALSE,,FALSE,,TRUE,FALSE,4
2022-12-14 15-31-14.RData,,FALSE_FALSE_TRUE_FALSE_FALSE_FALSE_FALSE_FALSE_FALSE_FALSE_TRUE_FALSE_FALSE,FALSE,,FALSE,,TRUE,,FALSE,,FALSE,,FALSE,,FALSE,,FALSE,,FALSE,,FALSE,,TRUE,,FALSE,,FALSE,FALSE,2
2022-12-14 20-31-12.RData,,FALSE_FALSE_FALSE_FALSE_FALSE_FALSE_FALSE_FALSE_FALSE_FALSE_FALSE_FALSE_FALSE,FALSE,,FALSE,,FALSE,,FALSE,,FALSE,,FALSE,,FALSE,,FALSE,,FALSE,,FALSE,,FALSE,,FALSE,,FALSE,TRUE,0
2022-12-14 21-31-12.RData,,FALSE_TRUE_FALSE_FALSE_TRUE_FALSE_FALSE_TRUE_TRUE_TRUE_FALSE_FALSE_TRUE,FALSE,,TRUE,,FALSE,,FALSE,,TRUE,,FALSE,,FALSE,,TRUE,,TRUE,,TRUE,,FALSE,,FALSE,,TRUE,FALSE,6
2022-12-14 22-31-14.RData,,FALSE_FALSE_FALSE_FALSE_TRUE_FALSE_FALSE_TRUE_FALSE_FALSE_FALSE_FALSE_TRUE,FALSE,,FALSE,,FALSE,,FALSE,,TRUE,,FALSE,,FALSE,,TRUE,,FALSE,,FALSE,,FALSE,,FALSE,,TRUE,FALSE,3
2022-12-14 23-31-12.RData,,TRUE_TRUE_TRUE_TRUE_TRUE_FALSE_FALSE_TRUE_FALSE_FALSE_TRUE_TRUE_TRUE,TRUE,,TRUE,,TRUE,,TRUE,,TRUE,,FALSE,,FALSE,,TRUE,,FALSE,,FALSE,,TRUE,,TRUE,,TRUE,FALSE,9
2022-12-15 00-31-12.RData,,FALSE_TRUE_FALSE_TRUE_FALSE_FALSE_TRUE_FALSE_FALSE_TRUE_FALSE_TRUE_FALSE,FALSE,,TRUE,,FALSE,,TRUE,,FALSE,,FALSE,,TRUE,,FALSE,,FALSE,,TRUE,,FALSE,,TRUE,,FALSE,FALSE,5
2022-12-15 01-31-13.RData,,FALSE_TRUE_FALSE_FALSE_TRUE_TRUE_FALSE_TRUE_FALSE_TRUE_TRUE_FALSE_TRUE,FALSE,,TRUE,,FALSE,,FALSE,,TRUE,,TRUE,,FALSE,,TRUE,,FALSE,,TRUE,,TRUE,,FALSE,,TRUE,FALSE,7
2022-12-15 02-31-13.RData,,TRUE_TRUE_TRUE_TRUE_FALSE_TRUE_TRUE_FALSE_TRUE_TRUE_TRUE_FALSE_FALSE,TRUE,,TRUE,,TRUE,,TRUE,,FALSE,,TRUE,,TRUE,,FALSE,,TRUE,,TRUE,,TRUE,,FALSE,,FALSE,FALSE,9
2022-12-15 03-31-13.RData,,FALSE_FALSE_TRUE_FALSE_FALSE_TRUE_FALSE_FALSE_FALSE_FALSE_FALSE_FALSE_FALSE,FALSE,,FALSE,,TRUE,,FALSE,,FALSE,,TRUE,,FALSE,,FALSE,,FALSE,,FALSE,,FALSE,,FALSE,,FALSE,FALSE,2
2022-12-15 04-31-12.RData,,FALSE_FALSE_FALSE_TRUE_TRUE_FALSE_FALSE_TRUE_FALSE_FALSE_FALSE_FALSE_TRUE,FALSE,,FALSE,,FALSE,,TRUE,,TRUE,,FALSE,,FALSE,,TRUE,,FALSE,,FALSE,,FALSE,,FALSE,,TRUE,FALSE,4
2022-12-15 05-31-12.RData,,TRUE_TRUE_TRUE_FALSE_TRUE_TRUE_FALSE_TRUE_TRUE_FALSE_TRUE_TRUE_TRUE,TRUE,,TRUE,,TRUE,,FALSE,,TRUE,,TRUE,,FALSE,,TRUE,,TRUE,,FALSE,,TRUE,,TRUE,,TRUE,FALSE,10
2022-12-15 06-31-12.RData,,TRUE_TRUE_TRUE_FALSE_TRUE_TRUE_FALSE_TRUE_TRUE_TRUE_TRUE_FALSE_TRUE,TRUE,,TRUE,,TRUE,,FALSE,,TRUE,,TRUE,,FALSE,,TRUE,,TRUE,,TRUE,,TRUE,,FALSE,,TRUE,FALSE,10
2022-12-15 08-31-12.RData,,FALSE_FALSE_FALSE_FALSE_FALSE_FALSE_FALSE_FALSE_FALSE_FALSE_FALSE_FALSE_FALSE,FALSE,,FALSE,,FALSE,,FALSE,,FALSE,,FALSE,,FALSE,,FALSE,,FALSE,,FALSE,,FALSE,,FALSE,,FALSE,TRUE,0
2022-12-15 09-31-14.RData,,FALSE_FALSE_FALSE_FALSE_FALSE_FALSE_FALSE_TRUE_FALSE_FALSE_FALSE_FALSE_FALSE,FALSE,,FALSE,,FALSE,,FALSE,,FALSE,,FALSE,,FALSE,,TRUE,,FALSE,,FALSE,,FALSE,,FALSE,,FALSE,FALSE,1
2022-12-15 10-31-12.RData,,FALSE_TRUE_TRUE_TRUE_TRUE_TRUE_TRUE_TRUE_TRUE_TRUE_TRUE_TRUE_TRUE,FALSE,,TRUE,,TRUE,,TRUE,,TRUE,,TRUE,,TRUE,,TRUE,,TRUE,,TRUE,,TRUE,,TRUE,,TRUE,FALSE,12
2022-12-15 11-31-12.RData,,TRUE_TRUE_FALSE_TRUE_TRUE_FALSE_TRUE_TRUE_TRUE_TRUE_FALSE_TRUE_TRUE,TRUE,,TRUE,,FALSE,,TRUE,,TRUE,,FALSE,,TRUE,,TRUE,,TRUE,,TRUE,,FALSE,,TRUE,,TRUE,FALSE,10
2022-12-15 12-31-12.RData,,TRUE_TRUE_TRUE_FALSE_TRUE_TRUE_FALSE_TRUE_TRUE_TRUE_TRUE_FALSE_TRUE,TRUE,,TRUE,,TRUE,,FALSE,,TRUE,,TRUE,,FALSE,,TRUE,,TRUE,,TRUE,,TRUE,,FALSE,,TRUE,FALSE,10
2022-12-15 13-31-13.RData,,TRUE_TRUE_FALSE_FALSE_TRUE_FALSE_FALSE_TRUE_TRUE_TRUE_FALSE_FALSE_TRUE,TRUE,,TRUE,,FALSE,,FALSE,,TRUE,,FALSE,,FALSE,,TRUE,,TRUE,,TRUE,,FALSE,,FALSE,,TRUE,FALSE,7
2022-12-15 14-31-13.RData,,TRUE_FALSE_TRUE_FALSE_TRUE_FALSE_FALSE_TRUE_TRUE_FALSE_FALSE_FALSE_TRUE,TRUE,,FALSE,,TRUE,,FALSE,,TRUE,,FALSE,,FALSE,,TRUE,,TRUE,,FALSE,,FALSE,,FALSE,,TRUE,FALSE,6
2022-12-15 15-31-13.RData,,TRUE_FALSE_FALSE_FALSE_FALSE_FALSE_FALSE_FALSE_FALSE_FALSE_TRUE_FALSE_FALSE,TRUE,,FALSE,,FALSE,,FALSE,,FALSE,,FALSE,,FALSE,,FALSE,,FALSE,,FALSE,,TRUE,,FALSE,,FALSE,FALSE,2
2022-12-15 16-31-13.RData,,FALSE_FALSE_TRUE_FALSE_TRUE_FALSE_FALSE_FALSE_TRUE_TRUE_TRUE_FALSE_TRUE,FALSE,,FALSE,,TRUE,,FALSE,,TRUE,,FALSE,,FALSE,,FALSE,,TRUE,,TRUE,,TRUE,,FALSE,,TRUE,FALSE,6
2022-12-15 17-31-12.RData,,TRUE_FALSE_FALSE_TRUE_TRUE_TRUE_FALSE_TRUE_TRUE_FALSE_FALSE_TRUE_TRUE,TRUE,,FALSE,,FALSE,,TRUE,,TRUE,,TRUE,,FALSE,,TRUE,,TRUE,,FALSE,,FALSE,,TRUE,,TRUE,FALSE,8
2022-12-15 20-31-13.RData,,FALSE_FALSE_FALSE_FALSE_FALSE_FALSE_FALSE_FALSE_FALSE_FALSE_FALSE_FALSE_FALSE,FALSE,,FALSE,,FALSE,,FALSE,,FALSE,,FALSE,,FALSE,,FALSE,,FALSE,,FALSE,,FALSE,,FALSE,,FALSE,TRUE,0
2022-12-15 21-31-12.RData,,TRUE_TRUE_FALSE_FALSE_TRUE_FALSE_FALSE_TRUE_TRUE_TRUE_FALSE_FALSE_TRUE,TRUE,,TRUE,,FALSE,,FALSE,,TRUE,,FALSE,,FALSE,,TRUE,,TRUE,,TRUE,,FALSE,,FALSE,,TRUE,FALSE,7
2022-12-15 22-31-15.RData,,FALSE_FALSE_FALSE_FALSE_TRUE_FALSE_FALSE_TRUE_FALSE_FALSE_FALSE_FALSE_TRUE,FALSE,,FALSE,,FALSE,,FALSE,,TRUE,,FALSE,,FALSE,,TRUE,,FALSE,,FALSE,,FALSE,,FALSE,,TRUE,FALSE,3
2022-12-15 23-31-13.RData,,TRUE_TRUE_TRUE_TRUE_TRUE_FALSE_FALSE_TRUE_TRUE_FALSE_TRUE_TRUE_TRUE,TRUE,,TRUE,,TRUE,,TRUE,,TRUE,,FALSE,,FALSE,,TRUE,,TRUE,,FALSE,,TRUE,,TRUE,,TRUE,FALSE,10
2022-12-16 00-31-12.RData,,TRUE_TRUE_FALSE_TRUE_FALSE_FALSE_TRUE_FALSE_TRUE_TRUE_FALSE_TRUE_FALSE,TRUE,,TRUE,,FALSE,,TRUE,,FALSE,,FALSE,,TRUE,,FALSE,,TRUE,,TRUE,,FALSE,,TRUE,,FALSE,FALSE,7
2022-12-16 01-31-14.RData,,TRUE_TRUE_FALSE_FALSE_TRUE_TRUE_FALSE_TRUE_TRUE_TRUE_TRUE_FALSE_TRUE,TRUE,,TRUE,,FALSE,,FALSE,,TRUE,,TRUE,,FALSE,,TRUE,,TRUE,,TRUE,,TRUE,,FALSE,,TRUE,FALSE,9
2022-12-16 02-31-12.RData,,TRUE_TRUE_TRUE_TRUE_TRUE_TRUE_TRUE_TRUE_TRUE_TRUE_TRUE_TRUE_FALSE,TRUE,,TRUE,,TRUE,,TRUE,,TRUE,,TRUE,,TRUE,,TRUE,,TRUE,,TRUE,,TRUE,,TRUE,,FALSE,FALSE,12
2022-12-16 03-31-13.RData,,TRUE_TRUE_TRUE_FALSE_FALSE_TRUE_FALSE_FALSE_TRUE_FALSE_TRUE_FALSE_FALSE,TRUE,,TRUE,,TRUE,,FALSE,,FALSE,,TRUE,,FALSE,,FALSE,,TRUE,,FALSE,,TRUE,,FALSE,,FALSE,FALSE,6
2022-12-16 05-31-12.RData,,TRUE_FALSE_FALSE_FALSE_TRUE_FALSE_FALSE_TRUE_TRUE_FALSE_FALSE_FALSE_TRUE,TRUE,,FALSE,,FALSE,,FALSE,,TRUE,,FALSE,,FALSE,,TRUE,,TRUE,,FALSE,,FALSE,,FALSE,,TRUE,FALSE,5
2022-12-16 06-31-12.RData,,TRUE_TRUE_TRUE_FALSE_TRUE_TRUE_FALSE_TRUE_TRUE_FALSE_TRUE_FALSE_TRUE,TRUE,,TRUE,,TRUE,,FALSE,,TRUE,,TRUE,,FALSE,,TRUE,,TRUE,,FALSE,,TRUE,,FALSE,,TRUE,FALSE,9
2022-12-16 07-31-13.RData,,TRUE_TRUE_FALSE_FALSE_FALSE_FALSE_FALSE_FALSE_TRUE_FALSE_FALSE_TRUE_FALSE,TRUE,,TRUE,,FALSE,,FALSE,,FALSE,,FALSE,,FALSE,,FALSE,,TRUE,,FALSE,,FALSE,,TRUE,,FALSE,FALSE,4
2022-12-16 08-31-13.RData,,TRUE_FALSE_FALSE_FALSE_FALSE_FALSE_FALSE_FALSE_FALSE_FALSE_FALSE_FALSE_FALSE,TRUE,,FALSE,,FALSE,,FALSE,,FALSE,,FALSE,,FALSE,,FALSE,,FALSE,,FALSE,,FALSE,,FALSE,,FALSE,FALSE,1
2022-12-16 09-31-12.RData,,FALSE_FALSE_TRUE_TRUE_TRUE_TRUE_TRUE_TRUE_TRUE_TRUE_TRUE_TRUE_TRUE,FALSE,,FALSE,,TRUE,,TRUE,,TRUE,,TRUE,,TRUE,,TRUE,,TRUE,,TRUE,,TRUE,,TRUE,,TRUE,FALSE,11
2022-12-16 11-31-14.RData,,FALSE_FALSE_FALSE_FALSE_FALSE_FALSE_FALSE_FALSE_TRUE_FALSE_FALSE_FALSE_FALSE,FALSE,,FALSE,,FALSE,,FALSE,,FALSE,,FALSE,,FALSE,,FALSE,,TRUE,,FALSE,,FALSE,,FALSE,,FALSE,FALSE,1
2022-12-16 12-31-13.RData,,TRUE_TRUE_TRUE_FALSE_TRUE_TRUE_FALSE_TRUE_TRUE_TRUE_TRUE_FALSE_TRUE,TRUE,,TRUE,,TRUE,,FALSE,,TRUE,,TRUE,,FALSE,,TRUE,,TRUE,,TRUE,,TRUE,,FALSE,,TRUE,FALSE,10
2022-12-16 13-31-13.RData,,TRUE_TRUE_FALSE_FALSE_TRUE_TRUE_FALSE_TRUE_TRUE_TRUE_FALSE_FALSE_TRUE,TRUE,,TRUE,,FALSE,,FALSE,,TRUE,,TRUE,,FALSE,,TRUE,,TRUE,,TRUE,,FALSE,,FALSE,,TRUE,FALSE,8
2022-12-16 14-31-12.RData,,FALSE_FALSE_FALSE_FALSE_TRUE_FALSE_FALSE_TRUE_TRUE_FALSE_TRUE_FALSE_TRUE,FALSE,,FALSE,,FALSE,,FALSE,,TRUE,,FALSE,,FALSE,,TRUE,,TRUE,,FALSE,,TRUE,,FALSE,,TRUE,FALSE,5
2022-12-16 17-31-30.RData,,FALSE_FALSE_FALSE_FALSE_FALSE_FALSE_FALSE_FALSE_TRUE_FALSE_FALSE_FALSE_FALSE,FALSE,,FALSE,,FALSE,,FALSE,,FALSE,,FALSE,,FALSE,,FALSE,,TRUE,,FALSE,,FALSE,,FALSE,,FALSE,FALSE,1
2022-12-16 18-31-13.RData,,TRUE_FALSE_FALSE_FALSE_TRUE_TRUE_FALSE_TRUE_TRUE_FALSE_FALSE_FALSE_TRUE,TRUE,,FALSE,,FALSE,,FALSE,,TRUE,,TRUE,,FALSE,,TRUE,,TRUE,,FALSE,,FALSE,,FALSE,,TRUE,FALSE,6
2022-12-16 19-31-14.RData,,FALSE_FALSE_FALSE_FALSE_TRUE_FALSE_FALSE_TRUE_FALSE_FALSE_FALSE_FALSE_TRUE,FALSE,,FALSE,,FALSE,,FALSE,,TRUE,,FALSE,,FALSE,,TRUE,,FALSE,,FALSE,,FALSE,,FALSE,,TRUE,FALSE,3
2022-12-16 20-31-15.RData,,FALSE_FALSE_FALSE_FALSE_FALSE_FALSE_FALSE_FALSE_FALSE_FALSE_FALSE_FALSE_FALSE,FALSE,,FALSE,,FALSE,,FALSE,,FALSE,,FALSE,,FALSE,,FALSE,,FALSE,,FALSE,,FALSE,,FALSE,,FALSE,TRUE,0
2022-12-16 21-31-13.RData,,FALSE_TRUE_FALSE_FALSE_TRUE_FALSE_FALSE_TRUE_TRUE_TRUE_FALSE_FALSE_TRUE,FALSE,,TRUE,,FALSE,,FALSE,,TRUE,,FALSE,,FALSE,,TRUE,,TRUE,,TRUE,,FALSE,,FALSE,,TRUE,FALSE,6
2022-12-16 22-31-14.RData,,FALSE_FALSE_FALSE_FALSE_TRUE_FALSE_FALSE_TRUE_FALSE_FALSE_FALSE_FALSE_TRUE,FALSE,,FALSE,,FALSE,,FALSE,,TRUE,,FALSE,,FALSE,,TRUE,,FALSE,,FALSE,,FALSE,,FALSE,,TRUE,FALSE,3
2022-12-16 23-31-13.RData,,FALSE_FALSE_FALSE_FALSE_TRUE_TRUE_TRUE_TRUE_FALSE_TRUE_FALSE_FALSE_TRUE,FALSE,,FALSE,,FALSE,,FALSE,,TRUE,,TRUE,,TRUE,,TRUE,,FALSE,,TRUE,,FALSE,,FALSE,,TRUE,FALSE,6
2022-12-17 00-31-13.RData,,TRUE_TRUE_FALSE_TRUE_FALSE_FALSE_FALSE_FALSE_FALSE_FALSE_FALSE_TRUE_FALSE,TRUE,,TRUE,,FALSE,,TRUE,,FALSE,,FALSE,,FALSE,,FALSE,,FALSE,,FALSE,,FALSE,,TRUE,,FALSE,FALSE,4
2022-12-17 01-31-13.RData,,TRUE_TRUE_TRUE_TRUE_TRUE_TRUE_TRUE_TRUE_FALSE_TRUE_TRUE_TRUE_TRUE,TRUE,,TRUE,,TRUE,,TRUE,,TRUE,,TRUE,,TRUE,,TRUE,,FALSE,,TRUE,,TRUE,,TRUE,,TRUE,FALSE,12
2022-12-17 02-31-17.RData,,FALSE_FALSE_FALSE_FALSE_FALSE_FALSE_FALSE_FALSE_FALSE_FALSE_FALSE_FALSE_FALSE,FALSE,,FALSE,,FALSE,,FALSE,,FALSE,,FALSE,,FALSE,,FALSE,,FALSE,,FALSE,,FALSE,,FALSE,,FALSE,TRUE,0
2022-12-17 03-31-27.RData,,FALSE_FALSE_TRUE_FALSE_FALSE_TRUE_FALSE_FALSE_TRUE_TRUE_TRUE_FALSE_FALSE,FALSE,,FALSE,,TRUE,,FALSE,,FALSE,,TRUE,,FALSE,,FALSE,,TRUE,,TRUE,,TRUE,,FALSE,,FALSE,FALSE,5
2022-12-17 04-31-12.RData,,FALSE_FALSE_FALSE_FALSE_FALSE_FALSE_FALSE_FALSE_FALSE_FALSE_FALSE_FALSE_FALSE,FALSE,,FALSE,,FALSE,,FALSE,,FALSE,,FALSE,,FALSE,,FALSE,,FALSE,,FALSE,,FALSE,,FALSE,,FALSE,TRUE,0
2022-12-17 05-31-13.RData,,TRUE_TRUE_TRUE_FALSE_TRUE_TRUE_TRUE_TRUE_FALSE_TRUE_TRUE_FALSE_TRUE,TRUE,,TRUE,,TRUE,,FALSE,,TRUE,,TRUE,,TRUE,,TRUE,,FALSE,,TRUE,,TRUE,,FALSE,,TRUE,FALSE,10
2022-12-17 06-31-12.RData,,FALSE_TRUE_TRUE_FALSE_TRUE_TRUE_FALSE_TRUE_TRUE_TRUE_TRUE_FALSE_TRUE,FALSE,,TRUE,,TRUE,,FALSE,,TRUE,,TRUE,,FALSE,,TRUE,,TRUE,,TRUE,,TRUE,,FALSE,,TRUE,FALSE,9
2022-12-17 07-31-12.RData,,TRUE_TRUE_FALSE_FALSE_FALSE_FALSE_FALSE_FALSE_TRUE_FALSE_FALSE_FALSE_FALSE,TRUE,,TRUE,,FALSE,,FALSE,,FALSE,,FALSE,,FALSE,,FALSE,,TRUE,,FALSE,,FALSE,,FALSE,,FALSE,FALSE,3
2022-12-17 08-31-13.RData,,FALSE_FALSE_FALSE_FALSE_FALSE_TRUE_TRUE_TRUE_FALSE_FALSE_FALSE_FALSE_FALSE,FALSE,,FALSE,,FALSE,,FALSE,,FALSE,,TRUE,,TRUE,,TRUE,,FALSE,,FALSE,,FALSE,,FALSE,,FALSE,FALSE,3
2022-12-17 09-31-12.RData,,FALSE_FALSE_TRUE_TRUE_TRUE_FALSE_FALSE_FALSE_FALSE_FALSE_TRUE_TRUE_TRUE,FALSE,,FALSE,,TRUE,,TRUE,,TRUE,,FALSE,,FALSE,,FALSE,,FALSE,,FALSE,,TRUE,,TRUE,,TRUE,FALSE,6
2022-12-17 10-31-13.RData,,TRUE_TRUE_TRUE_TRUE_TRUE_TRUE_TRUE_TRUE_TRUE_TRUE_TRUE_TRUE_TRUE,TRUE,,TRUE,,TRUE,,TRUE,,TRUE,,TRUE,,TRUE,,TRUE,,TRUE,,TRUE,,TRUE,,TRUE,,TRUE,FALSE,13
2022-12-17 11-31-13.RData,,TRUE_TRUE_TRUE_FALSE_TRUE_TRUE_FALSE_TRUE_FALSE_TRUE_TRUE_TRUE_TRUE,TRUE,,TRUE,,TRUE,,FALSE,,TRUE,,TRUE,,FALSE,,TRUE,,FALSE,,TRUE,,TRUE,,TRUE,,TRUE,FALSE,10
2022-12-17 12-31-13.RData,,FALSE_FALSE_FALSE_FALSE_FALSE_FALSE_FALSE_TRUE_TRUE_FALSE_FALSE_FALSE_FALSE,FALSE,,FALSE,,FALSE,,FALSE,,FALSE,,FALSE,,FALSE,,TRUE,,TRUE,,FALSE,,FALSE,,FALSE,,FALSE,FALSE,2
2022-12-17 13-31-13.RData,,TRUE_TRUE_TRUE_FALSE_TRUE_TRUE_FALSE_TRUE_TRUE_TRUE_FALSE_FALSE_TRUE,TRUE,,TRUE,,TRUE,,FALSE,,TRUE,,TRUE,,FALSE,,TRUE,,TRUE,,TRUE,,FALSE,,FALSE,,TRUE,FALSE,9
2022-12-17 14-31-12.RData,,FALSE_FALSE_FALSE_FALSE_TRUE_FALSE_FALSE_TRUE_FALSE_FALSE_FALSE_FALSE_TRUE,FALSE,,FALSE,,FALSE,,FALSE,,TRUE,,FALSE,,FALSE,,TRUE,,FALSE,,FALSE,,FALSE,,FALSE,,TRUE,FALSE,3
2022-12-17 15-31-13.RData,,TRUE_FALSE_FALSE_FALSE_FALSE_FALSE_FALSE_FALSE_TRUE_FALSE_FALSE_FALSE_FALSE,TRUE,,FALSE,,FALSE,,FALSE,,FALSE,,FALSE,,FALSE,,FALSE,,TRUE,,FALSE,,FALSE,,FALSE,,FALSE,FALSE,2
2022-12-17 16-31-13.RData,,TRUE_TRUE_TRUE_FALSE_TRUE_TRUE_FALSE_FALSE_FALSE_FALSE_TRUE_FALSE_TRUE,TRUE,,TRUE,,TRUE,,FALSE,,TRUE,,TRUE,,FALSE,,FALSE,,FALSE,,FALSE,,TRUE,,FALSE,,TRUE,FALSE,7
2022-12-17 17-31-14.RData,,FALSE_FALSE_TRUE_FALSE_FALSE_FALSE_FALSE_FALSE_FALSE_FALSE_FALSE_FALSE_FALSE,FALSE,,FALSE,,TRUE,,FALSE,,FALSE,,FALSE,,FALSE,,FALSE,,FALSE,,FALSE,,FALSE,,FALSE,,FALSE,FALSE,1
2022-12-17 18-31-13.RData,,TRUE_FALSE_FALSE_FALSE_TRUE_TRUE_FALSE_TRUE_TRUE_FALSE_FALSE_FALSE_TRUE,TRUE,,FALSE,,FALSE,,FALSE,,TRUE,,TRUE,,FALSE,,TRUE,,TRUE,,FALSE,,FALSE,,FALSE,,TRUE,FALSE,6
2022-12-17 19-31-13.RData,,FALSE_TRUE_FALSE_FALSE_TRUE_FALSE_FALSE_TRUE_FALSE_TRUE_FALSE_FALSE_TRUE,FALSE,,TRUE,,FALSE,,FALSE,,TRUE,,FALSE,,FALSE,,TRUE,,FALSE,,TRUE,,FALSE,,FALSE,,TRUE,FALSE,5
2022-12-17 20-31-14.RData,,FALSE_FALSE_FALSE_FALSE_FALSE_FALSE_FALSE_FALSE_FALSE_FALSE_FALSE_FALSE_FALSE,FALSE,,FALSE,,FALSE,,FALSE,,FALSE,,FALSE,,FALSE,,FALSE,,FALSE,,FALSE,,FALSE,,FALSE,,FALSE,TRUE,0
2022-12-17 21-31-13.RData,,FALSE_FALSE_FALSE_FALSE_FALSE_FALSE_FALSE_FALSE_FALSE_FALSE_FALSE_FALSE_FALSE,FALSE,,FALSE,,FALSE,,FALSE,,FALSE,,FALSE,,FALSE,,FALSE,,FALSE,,FALSE,,FALSE,,FALSE,,FALSE,TRUE,0
2022-12-17 22-31-14.RData,,FALSE_FALSE_FALSE_FALSE_TRUE_FALSE_FALSE_TRUE_FALSE_FALSE_FALSE_FALSE_TRUE,FALSE,,FALSE,,FALSE,,FALSE,,TRUE,,FALSE,,FALSE,,TRUE,,FALSE,,FALSE,,FALSE,,FALSE,,TRUE,FALSE,3
2022-12-17 23-31-14.RData,,FALSE_FALSE_FALSE_FALSE_TRUE_FALSE_FALSE_TRUE_FALSE_FALSE_FALSE_FALSE_TRUE,FALSE,,FALSE,,FALSE,,FALSE,,TRUE,,FALSE,,FALSE,,TRUE,,FALSE,,FALSE,,FALSE,,FALSE,,TRUE,FALSE,3
2022-12-18 00-31-14.RData,,TRUE_TRUE_FALSE_TRUE_FALSE_FALSE_FALSE_FALSE_FALSE_FALSE_FALSE_TRUE_FALSE,TRUE,,TRUE,,FALSE,,TRUE,,FALSE,,FALSE,,FALSE,,FALSE,,FALSE,,FALSE,,FALSE,,TRUE,,FALSE,FALSE,4
2022-12-18 01-31-13.RData,,TRUE_TRUE_TRUE_TRUE_TRUE_TRUE_TRUE_FALSE_TRUE_TRUE_TRUE_TRUE_TRUE,TRUE,,TRUE,,TRUE,,TRUE,,TRUE,,TRUE,,TRUE,,FALSE,,TRUE,,TRUE,,TRUE,,TRUE,,TRUE,FALSE,12
2022-12-18 02-31-14.RData,,TRUE_TRUE_FALSE_FALSE_FALSE_TRUE_FALSE_FALSE_FALSE_FALSE_FALSE_FALSE_FALSE,TRUE,,TRUE,,FALSE,,FALSE,,FALSE,,TRUE,,FALSE,,FALSE,,FALSE,,FALSE,,FALSE,,FALSE,,FALSE,FALSE,3
2022-12-18 03-31-15.RData,,FALSE_FALSE_FALSE_FALSE_FALSE_FALSE_FALSE_FALSE_FALSE_FALSE_FALSE_FALSE_FALSE,FALSE,,FALSE,,FALSE,,FALSE,,FALSE,,FALSE,,FALSE,,FALSE,,FALSE,,FALSE,,FALSE,,FALSE,,FALSE,TRUE,0
2022-12-18 04-31-14.RData,,FALSE_FALSE_FALSE_FALSE_FALSE_FALSE_FALSE_FALSE_FALSE_FALSE_FALSE_FALSE_FALSE,FALSE,,FALSE,,FALSE,,FALSE,,FALSE,,FALSE,,FALSE,,FALSE,,FALSE,,FALSE,,FALSE,,FALSE,,FALSE,TRUE,0
2022-12-18 05-31-13.RData,,TRUE_FALSE_TRUE_TRUE_TRUE_TRUE_TRUE_TRUE_TRUE_TRUE_TRUE_FALSE_TRUE,TRUE,,FALSE,,TRUE,,TRUE,,TRUE,,TRUE,,TRUE,,TRUE,,TRUE,,TRUE,,TRUE,,FALSE,,TRUE,FALSE,11
2022-12-18 06-31-13.RData,,FALSE_TRUE_TRUE_FALSE_TRUE_TRUE_FALSE_TRUE_FALSE_TRUE_TRUE_FALSE_TRUE,FALSE,,TRUE,,TRUE,,FALSE,,TRUE,,TRUE,,FALSE,,TRUE,,FALSE,,TRUE,,TRUE,,FALSE,,TRUE,FALSE,8
2022-12-18 07-31-13.RData,,TRUE_TRUE_FALSE_FALSE_FALSE_FALSE_FALSE_FALSE_TRUE_FALSE_FALSE_FALSE_FALSE,TRUE,,TRUE,,FALSE,,FALSE,,FALSE,,FALSE,,FALSE,,FALSE,,TRUE,,FALSE,,FALSE,,FALSE,,FALSE,FALSE,3
2022-12-18 08-31-14.RData,,FALSE_FALSE_TRUE_TRUE_TRUE_FALSE_TRUE_TRUE_TRUE_FALSE_FALSE_FALSE_FALSE,FALSE,,FALSE,,TRUE,,TRUE,,TRUE,,FALSE,,TRUE,,TRUE,,TRUE,,FALSE,,FALSE,,FALSE,,FALSE,FALSE,6
2022-12-18 09-31-13.RData,,FALSE_FALSE_FALSE_FALSE_FALSE_FALSE_FALSE_FALSE_FALSE_FALSE_TRUE_TRUE_TRUE,FALSE,,FALSE,,FALSE,,FALSE,,FALSE,,FALSE,,FALSE,,FALSE,,FALSE,,FALSE,,TRUE,,TRUE,,TRUE,FALSE,3
2022-12-18 10-31-13.RData,,TRUE_TRUE_TRUE_TRUE_TRUE_TRUE_TRUE_TRUE_TRUE_TRUE_TRUE_TRUE_TRUE,TRUE,,TRUE,,TRUE,,TRUE,,TRUE,,TRUE,,TRUE,,TRUE,,TRUE,,TRUE,,TRUE,,TRUE,,TRUE,FALSE,13
2022-12-18 11-31-13.RData,,TRUE_TRUE_TRUE_FALSE_TRUE_TRUE_FALSE_TRUE_TRUE_TRUE_TRUE_TRUE_TRUE,TRUE,,TRUE,,TRUE,,FALSE,,TRUE,,TRUE,,FALSE,,TRUE,,TRUE,,TRUE,,TRUE,,TRUE,,TRUE,FALSE,11
2022-12-18 12-31-15.RData,,FALSE_FALSE_FALSE_TRUE_FALSE_FALSE_FALSE_TRUE_FALSE_FALSE_FALSE_FALSE_FALSE,FALSE,,FALSE,,FALSE,,TRUE,,FALSE,,FALSE,,FALSE,,TRUE,,FALSE,,FALSE,,FALSE,,FALSE,,FALSE,FALSE,2
2022-12-18 13-31-12.RData,,TRUE_TRUE_TRUE_FALSE_TRUE_TRUE_FALSE_TRUE_TRUE_TRUE_TRUE_FALSE_TRUE,TRUE,,TRUE,,TRUE,,FALSE,,TRUE,,TRUE,,FALSE,,TRUE,,TRUE,,TRUE,,TRUE,,FALSE,,TRUE,FALSE,10
2022-12-18 14-31-12.RData,,FALSE_FALSE_FALSE_FALSE_TRUE_FALSE_FALSE_TRUE_FALSE_FALSE_FALSE_FALSE_TRUE,FALSE,,FALSE,,FALSE,,FALSE,,TRUE,,FALSE,,FALSE,,TRUE,,FALSE,,FALSE,,FALSE,,FALSE,,TRUE,FALSE,3
2022-12-18 15-31-13.RData,,TRUE_FALSE_FALSE_FALSE_FALSE_TRUE_FALSE_TRUE_TRUE_FALSE_FALSE_FALSE_FALSE,TRUE,,FALSE,,FALSE,,FALSE,,FALSE,,TRUE,,FALSE,,TRUE,,TRUE,,FALSE,,FALSE,,FALSE,,FALSE,FALSE,4
2022-12-18 16-31-12.RData,,TRUE_FALSE_TRUE_FALSE_FALSE_FALSE_FALSE_FALSE_TRUE_TRUE_TRUE_FALSE_TRUE,TRUE,,FALSE,,TRUE,,FALSE,,FALSE,,FALSE,,FALSE,,FALSE,,TRUE,,TRUE,,TRUE,,FALSE,,TRUE,FALSE,6
2022-12-18 17-31-12.RData,,FALSE_FALSE_TRUE_FALSE_FALSE_TRUE_FALSE_TRUE_FALSE_FALSE_TRUE_FALSE_FALSE,FALSE,,FALSE,,TRUE,,FALSE,,FALSE,,TRUE,,FALSE,,TRUE,,FALSE,,FALSE,,TRUE,,FALSE,,FALSE,FALSE,4
2022-12-18 18-31-12.RData,,FALSE_FALSE_TRUE_FALSE_TRUE_FALSE_FALSE_FALSE_TRUE_FALSE_FALSE_FALSE_TRUE,FALSE,,FALSE,,TRUE,,FALSE,,TRUE,,FALSE,,FALSE,,FALSE,,TRUE,,FALSE,,FALSE,,FALSE,,TRUE,FALSE,4
2022-12-18 19-31-12.RData,,TRUE_TRUE_FALSE_FALSE_TRUE_FALSE_FALSE_TRUE_FALSE_TRUE_FALSE_FALSE_TRUE,TRUE,,TRUE,,FALSE,,FALSE,,TRUE,,FALSE,,FALSE,,TRUE,,FALSE,,TRUE,,FALSE,,FALSE,,TRUE,FALSE,6
2022-12-18 20-31-13.RData,,FALSE_FALSE_FALSE_FALSE_FALSE_FALSE_FALSE_FALSE_FALSE_FALSE_FALSE_FALSE_FALSE,FALSE,,FALSE,,FALSE,,FALSE,,FALSE,,FALSE,,FALSE,,FALSE,,FALSE,,FALSE,,FALSE,,FALSE,,FALSE,TRUE,0
2022-12-18 21-31-12.RData,,FALSE_FALSE_FALSE_FALSE_FALSE_FALSE_FALSE_FALSE_FALSE_FALSE_FALSE_FALSE_FALSE,FALSE,,FALSE,,FALSE,,FALSE,,FALSE,,FALSE,,FALSE,,FALSE,,FALSE,,FALSE,,FALSE,,FALSE,,FALSE,TRUE,0
2022-12-18 22-31-12.RData,,FALSE_FALSE_FALSE_FALSE_TRUE_FALSE_FALSE_TRUE_TRUE_FALSE_FALSE_FALSE_TRUE,FALSE,,FALSE,,FALSE,,FALSE,,TRUE,,FALSE,,FALSE,,TRUE,,TRUE,,FALSE,,FALSE,,FALSE,,TRUE,FALSE,4
2022-12-18 23-31-11.RData,,FALSE_FALSE_FALSE_FALSE_TRUE_FALSE_FALSE_TRUE_FALSE_FALSE_TRUE_TRUE_TRUE,FALSE,,FALSE,,FALSE,,FALSE,,TRUE,,FALSE,,FALSE,,TRUE,,FALSE,,FALSE,,TRUE,,TRUE,,TRUE,FALSE,5
2022-12-19 00-31-13.RData,,FALSE_FALSE_FALSE_FALSE_FALSE_FALSE_TRUE_FALSE_FALSE_TRUE_FALSE_FALSE_FALSE,FALSE,,FALSE,,FALSE,,FALSE,,FALSE,,FALSE,,TRUE,,FALSE,,FALSE,,TRUE,,FALSE,,FALSE,,FALSE,FALSE,2
2022-12-19 01-31-13.RData,,FALSE_TRUE_TRUE_TRUE_FALSE_FALSE_FALSE_FALSE_FALSE_FALSE_TRUE_TRUE_TRUE,FALSE,,TRUE,,TRUE,,TRUE,,FALSE,,FALSE,,FALSE,,FALSE,,FALSE,,FALSE,,TRUE,,TRUE,,TRUE,FALSE,6
2022-12-19 02-31-13.RData,,FALSE_TRUE_TRUE_TRUE_FALSE_TRUE_TRUE_FALSE_FALSE_TRUE_FALSE_FALSE_FALSE,FALSE,,TRUE,,TRUE,,TRUE,,FALSE,,TRUE,,TRUE,,FALSE,,FALSE,,TRUE,,FALSE,,FALSE,,FALSE,FALSE,6
2022-12-19 03-31-13.RData,,FALSE_FALSE_FALSE_FALSE_FALSE_FALSE_FALSE_FALSE_FALSE_FALSE_TRUE_FALSE_FALSE,FALSE,,FALSE,,FALSE,,FALSE,,FALSE,,FALSE,,FALSE,,FALSE,,FALSE,,FALSE,,TRUE,,FALSE,,FALSE,FALSE,1
2022-12-19 04-31-14.RData,,FALSE_FALSE_FALSE_FALSE_FALSE_FALSE_FALSE_FALSE_FALSE_FALSE_FALSE_FALSE_FALSE,FALSE,,FALSE,,FALSE,,FALSE,,FALSE,,FALSE,,FALSE,,FALSE,,FALSE,,FALSE,,FALSE,,FALSE,,FALSE,TRUE,0
2022-12-19 05-31-12.RData,,FALSE_FALSE_TRUE_TRUE_FALSE_TRUE_FALSE_TRUE_TRUE_FALSE_TRUE_TRUE_FALSE,FALSE,,FALSE,,TRUE,,TRUE,,FALSE,,TRUE,,FALSE,,TRUE,,TRUE,,FALSE,,TRUE,,TRUE,,FALSE,FALSE,7
2022-12-19 06-31-12.RData,,TRUE_TRUE_TRUE_FALSE_TRUE_TRUE_FALSE_TRUE_FALSE_TRUE_TRUE_FALSE_TRUE,TRUE,,TRUE,,TRUE,,FALSE,,TRUE,,TRUE,,FALSE,,TRUE,,FALSE,,TRUE,,TRUE,,FALSE,,TRUE,FALSE,9
2022-12-19 07-31-12.RData,,FALSE_TRUE_FALSE_FALSE_FALSE_TRUE_FALSE_FALSE_TRUE_TRUE_FALSE_FALSE_FALSE,FALSE,,TRUE,,FALSE,,FALSE,,FALSE,,TRUE,,FALSE,,FALSE,,TRUE,,TRUE,,FALSE,,FALSE,,FALSE,FALSE,4
2022-12-19 08-31-13.RData,,TRUE_FALSE_FALSE_TRUE_TRUE_FALSE_FALSE_TRUE_TRUE_FALSE_TRUE_TRUE_TRUE,TRUE,,FALSE,,FALSE,,TRUE,,TRUE,,FALSE,,FALSE,,TRUE,,TRUE,,FALSE,,TRUE,,TRUE,,TRUE,FALSE,8
2022-12-19 09-31-13.RData,,FALSE_FALSE_FALSE_FALSE_FALSE_FALSE_FALSE_FALSE_FALSE_FALSE_FALSE_FALSE_FALSE,FALSE,,FALSE,,FALSE,,FALSE,,FALSE,,FALSE,,FALSE,,FALSE,,FALSE,,FALSE,,FALSE,,FALSE,,FALSE,TRUE,0
2022-12-19 10-31-12.RData,,FALSE_FALSE_TRUE_TRUE_TRUE_TRUE_FALSE_TRUE_TRUE_TRUE_TRUE_TRUE_TRUE,FALSE,,FALSE,,TRUE,,TRUE,,TRUE,,TRUE,,FALSE,,TRUE,,TRUE,,TRUE,,TRUE,,TRUE,,TRUE,FALSE,10
2022-12-19 11-31-12.RData,,TRUE_TRUE_TRUE_TRUE_TRUE_TRUE_TRUE_TRUE_TRUE_TRUE_TRUE_TRUE_TRUE,TRUE,,TRUE,,TRUE,,TRUE,,TRUE,,TRUE,,TRUE,,TRUE,,TRUE,,TRUE,,TRUE,,TRUE,,TRUE,FALSE,13
2022-12-19 12-31-12.RData,,TRUE_TRUE_TRUE_FALSE_TRUE_TRUE_FALSE_TRUE_FALSE_TRUE_TRUE_FALSE_TRUE,TRUE,,TRUE,,TRUE,,FALSE,,TRUE,,TRUE,,FALSE,,TRUE,,FALSE,,TRUE,,TRUE,,FALSE,,TRUE,FALSE,9
2022-12-19 14-31-12.RData,,FALSE_FALSE_FALSE_FALSE_FALSE_FALSE_FALSE_FALSE_FALSE_FALSE_FALSE_FALSE_FALSE,FALSE,,FALSE,,FALSE,,FALSE,,FALSE,,FALSE,,FALSE,,FALSE,,FALSE,,FALSE,,FALSE,,FALSE,,FALSE,TRUE,0
2022-12-19 20-31-12.RData,,FALSE_FALSE_FALSE_FALSE_FALSE_FALSE_FALSE_FALSE_FALSE_FALSE_FALSE_FALSE_FALSE,FALSE,,FALSE,,FALSE,,FALSE,,FALSE,,FALSE,,FALSE,,FALSE,,FALSE,,FALSE,,FALSE,,FALSE,,FALSE,TRUE,0
2022-12-19 21-31-12.RData,,TRUE_TRUE_TRUE_TRUE_TRUE_TRUE_TRUE_TRUE_TRUE_TRUE_TRUE_TRUE_TRUE,TRUE,,TRUE,,TRUE,,TRUE,,TRUE,,TRUE,,TRUE,,TRUE,,TRUE,,TRUE,,TRUE,,TRUE,,TRUE,FALSE,13
2022-12-19 22-31-12.RData,,TRUE_TRUE_TRUE_TRUE_TRUE_TRUE_TRUE_TRUE_TRUE_TRUE_TRUE_TRUE_TRUE,TRUE,,TRUE,,TRUE,,TRUE,,TRUE,,TRUE,,TRUE,,TRUE,,TRUE,,TRUE,,TRUE,,TRUE,,TRUE,FALSE,13
2022-12-19 23-31-12.RData,,TRUE_TRUE_TRUE_TRUE_TRUE_TRUE_TRUE_TRUE_TRUE_TRUE_TRUE_TRUE_TRUE,TRUE,,TRUE,,TRUE,,TRUE,,TRUE,,TRUE,,TRUE,,TRUE,,TRUE,,TRUE,,TRUE,,TRUE,,TRUE,FALSE,13
2022-12-20 00-31-12.RData,,TRUE_TRUE_TRUE_TRUE_TRUE_TRUE_TRUE_TRUE_TRUE_TRUE_TRUE_TRUE_TRUE,TRUE,,TRUE,,TRUE,,TRUE,,TRUE,,TRUE,,TRUE,,TRUE,,TRUE,,TRUE,,TRUE,,TRUE,,TRUE,FALSE,13
2022-12-20 01-31-12.RData,,TRUE_TRUE_TRUE_TRUE_TRUE_TRUE_TRUE_TRUE_TRUE_TRUE_TRUE_TRUE_TRUE,TRUE,,TRUE,,TRUE,,TRUE,,TRUE,,TRUE,,TRUE,,TRUE,,TRUE,,TRUE,,TRUE,,TRUE,,TRUE,FALSE,13
2022-12-20 02-31-12.RData,,TRUE_TRUE_TRUE_TRUE_TRUE_TRUE_TRUE_TRUE_TRUE_TRUE_TRUE_TRUE_TRUE,TRUE,,TRUE,,TRUE,,TRUE,,TRUE,,TRUE,,TRUE,,TRUE,,TRUE,,TRUE,,TRUE,,TRUE,,TRUE,FALSE,13
2022-12-20 03-31-12.RData,,TRUE_TRUE_TRUE_TRUE_TRUE_TRUE_TRUE_TRUE_TRUE_TRUE_TRUE_TRUE_TRUE,TRUE,,TRUE,,TRUE,,TRUE,,TRUE,,TRUE,,TRUE,,TRUE,,TRUE,,TRUE,,TRUE,,TRUE,,TRUE,FALSE,13
2022-12-20 04-31-12.RData,,TRUE_TRUE_TRUE_TRUE_TRUE_TRUE_TRUE_TRUE_TRUE_TRUE_TRUE_TRUE_TRUE,TRUE,,TRUE,,TRUE,,TRUE,,TRUE,,TRUE,,TRUE,,TRUE,,TRUE,,TRUE,,TRUE,,TRUE,,TRUE,FALSE,13
2022-12-20 05-31-12.RData,,TRUE_TRUE_TRUE_TRUE_TRUE_TRUE_TRUE_TRUE_TRUE_TRUE_TRUE_TRUE_TRUE,TRUE,,TRUE,,TRUE,,TRUE,,TRUE,,TRUE,,TRUE,,TRUE,,TRUE,,TRUE,,TRUE,,TRUE,,TRUE,FALSE,13
2022-12-20 06-31-11.RData,,TRUE_TRUE_TRUE_TRUE_TRUE_TRUE_TRUE_TRUE_TRUE_TRUE_TRUE_TRUE_TRUE,TRUE,,TRUE,,TRUE,,TRUE,,TRUE,,TRUE,,TRUE,,TRUE,,TRUE,,TRUE,,TRUE,,TRUE,,TRUE,FALSE,13
2022-12-20 07-31-12.RData,,TRUE_TRUE_TRUE_TRUE_TRUE_TRUE_TRUE_TRUE_TRUE_TRUE_TRUE_TRUE_TRUE,TRUE,,TRUE,,TRUE,,TRUE,,TRUE,,TRUE,,TRUE,,TRUE,,TRUE,,TRUE,,TRUE,,TRUE,,TRUE,FALSE,13
2022-12-20 08-31-15.RData,,FALSE_FALSE_FALSE_TRUE_FALSE_TRUE_TRUE_FALSE_FALSE_FALSE_FALSE_TRUE_FALSE,FALSE,,FALSE,,FALSE,,TRUE,,FALSE,,TRUE,,TRUE,,FALSE,,FALSE,,FALSE,,FALSE,,TRUE,,FALSE,FALSE,4
2022-12-20 09-31-12.RData,,FALSE_FALSE_FALSE_TRUE_FALSE_TRUE_TRUE_FALSE_FALSE_FALSE_FALSE_TRUE_FALSE,FALSE,,FALSE,,FALSE,,TRUE,,FALSE,,TRUE,,TRUE,,FALSE,,FALSE,,FALSE,,FALSE,,TRUE,,FALSE,FALSE,4
2022-12-20 10-31-12.RData,,TRUE_TRUE_TRUE_TRUE_TRUE_TRUE_TRUE_TRUE_TRUE_TRUE_TRUE_TRUE_TRUE,TRUE,,TRUE,,TRUE,,TRUE,,TRUE,,TRUE,,TRUE,,TRUE,,TRUE,,TRUE,,TRUE,,TRUE,,TRUE,FALSE,13
2022-12-20 11-31-12.RData,,TRUE_TRUE_TRUE_TRUE_TRUE_TRUE_TRUE_TRUE_TRUE_TRUE_TRUE_TRUE_TRUE,TRUE,,TRUE,,TRUE,,TRUE,,TRUE,,TRUE,,TRUE,,TRUE,,TRUE,,TRUE,,TRUE,,TRUE,,TRUE,FALSE,13
2022-12-20 13-31-13.RData,,FALSE_TRUE_TRUE_FALSE_TRUE_TRUE_TRUE_TRUE_TRUE_FALSE_TRUE_FALSE_TRUE,FALSE,,TRUE,,TRUE,,FALSE,,TRUE,,TRUE,,TRUE,,TRUE,,TRUE,,FALSE,,TRUE,,FALSE,,TRUE,FALSE,9
2022-12-20 14-31-12.RData,,FALSE_TRUE_TRUE_FALSE_TRUE_TRUE_TRUE_TRUE_TRUE_FALSE_TRUE_FALSE_TRUE,FALSE,,TRUE,,TRUE,,FALSE,,TRUE,,TRUE,,TRUE,,TRUE,,TRUE,,FALSE,,TRUE,,FALSE,,TRUE,FALSE,9
2022-12-20 15-31-12.RData,,TRUE_TRUE_TRUE_TRUE_TRUE_TRUE_TRUE_TRUE_TRUE_TRUE_TRUE_TRUE_TRUE,TRUE,,TRUE,,TRUE,,TRUE,,TRUE,,TRUE,,TRUE,,TRUE,,TRUE,,TRUE,,TRUE,,TRUE,,TRUE,FALSE,13
2022-12-20 17-31-12.RData,,TRUE_TRUE_TRUE_TRUE_TRUE_TRUE_TRUE_TRUE_TRUE_TRUE_TRUE_TRUE_TRUE,TRUE,,TRUE,,TRUE,,TRUE,,TRUE,,TRUE,,TRUE,,TRUE,,TRUE,,TRUE,,TRUE,,TRUE,,TRUE,FALSE,13
2022-12-20 19-31-11.RData,,TRUE_TRUE_TRUE_FALSE_TRUE_TRUE_FALSE_TRUE_TRUE_TRUE_TRUE_FALSE_TRUE,TRUE,,TRUE,,TRUE,,FALSE,,TRUE,,TRUE,,FALSE,,TRUE,,TRUE,,TRUE,,TRUE,,FALSE,,TRUE,FALSE,10
2022-12-20 20-31-14.RData,,FALSE_FALSE_FALSE_FALSE_FALSE_FALSE_TRUE_FALSE_FALSE_FALSE_FALSE_FALSE_FALSE,FALSE,,FALSE,,FALSE,,FALSE,,FALSE,,FALSE,,TRUE,,FALSE,,FALSE,,FALSE,,FALSE,,FALSE,,FALSE,FALSE,1
2022-12-20 21-31-13.RData,,TRUE_TRUE_TRUE_TRUE_TRUE_TRUE_TRUE_TRUE_TRUE_TRUE_TRUE_TRUE_TRUE,TRUE,,TRUE,,TRUE,,TRUE,,TRUE,,TRUE,,TRUE,,TRUE,,TRUE,,TRUE,,TRUE,,TRUE,,TRUE,FALSE,13
2022-12-20 22-31-12.RData,,TRUE_TRUE_TRUE_TRUE_TRUE_TRUE_TRUE_TRUE_TRUE_TRUE_TRUE_TRUE_TRUE,TRUE,,TRUE,,TRUE,,TRUE,,TRUE,,TRUE,,TRUE,,TRUE,,TRUE,,TRUE,,TRUE,,TRUE,,TRUE,FALSE,13
2022-12-20 23-31-12.RData,,TRUE_TRUE_TRUE_TRUE_TRUE_TRUE_TRUE_TRUE_TRUE_TRUE_TRUE_TRUE_TRUE,TRUE,,TRUE,,TRUE,,TRUE,,TRUE,,TRUE,,TRUE,,TRUE,,TRUE,,TRUE,,TRUE,,TRUE,,TRUE,FALSE,13
2022-12-21 00-31-12.RData,,TRUE_TRUE_TRUE_TRUE_TRUE_TRUE_TRUE_TRUE_TRUE_TRUE_TRUE_TRUE_TRUE,TRUE,,TRUE,,TRUE,,TRUE,,TRUE,,TRUE,,TRUE,,TRUE,,TRUE,,TRUE,,TRUE,,TRUE,,TRUE,FALSE,13
2022-12-21 01-31-12.RData,,TRUE_TRUE_TRUE_TRUE_TRUE_TRUE_TRUE_TRUE_TRUE_TRUE_TRUE_TRUE_TRUE,TRUE,,TRUE,,TRUE,,TRUE,,TRUE,,TRUE,,TRUE,,TRUE,,TRUE,,TRUE,,TRUE,,TRUE,,TRUE,FALSE,13
2022-12-21 02-31-12.RData,,TRUE_TRUE_TRUE_TRUE_TRUE_TRUE_TRUE_TRUE_TRUE_TRUE_TRUE_TRUE_TRUE,TRUE,,TRUE,,TRUE,,TRUE,,TRUE,,TRUE,,TRUE,,TRUE,,TRUE,,TRUE,,TRUE,,TRUE,,TRUE,FALSE,13
2022-12-21 03-31-12.RData,,TRUE_TRUE_TRUE_TRUE_TRUE_TRUE_TRUE_TRUE_TRUE_TRUE_TRUE_TRUE_TRUE,TRUE,,TRUE,,TRUE,,TRUE,,TRUE,,TRUE,,TRUE,,TRUE,,TRUE,,TRUE,,TRUE,,TRUE,,TRUE,FALSE,13
2022-12-21 04-31-11.RData,,TRUE_TRUE_TRUE_TRUE_TRUE_TRUE_TRUE_TRUE_TRUE_TRUE_TRUE_TRUE_TRUE,TRUE,,TRUE,,TRUE,,TRUE,,TRUE,,TRUE,,TRUE,,TRUE,,TRUE,,TRUE,,TRUE,,TRUE,,TRUE,FALSE,13
2022-12-21 05-31-12.RData,,TRUE_TRUE_FALSE_TRUE_TRUE_TRUE_TRUE_TRUE_TRUE_TRUE_FALSE_TRUE_TRUE,TRUE,,TRUE,,FALSE,,TRUE,,TRUE,,TRUE,,TRUE,,TRUE,,TRUE,,TRUE,,FALSE,,TRUE,,TRUE,FALSE,11
2022-12-21 06-31-12.RData,,TRUE_TRUE_FALSE_TRUE_TRUE_TRUE_TRUE_TRUE_TRUE_TRUE_FALSE_TRUE_TRUE,TRUE,,TRUE,,FALSE,,TRUE,,TRUE,,TRUE,,TRUE,,TRUE,,TRUE,,TRUE,,FALSE,,TRUE,,TRUE,FALSE,11
2022-12-21 07-31-12.RData,,TRUE_TRUE_TRUE_TRUE_TRUE_TRUE_TRUE_TRUE_TRUE_TRUE_TRUE_TRUE_TRUE,TRUE,,TRUE,,TRUE,,TRUE,,TRUE,,TRUE,,TRUE,,TRUE,,TRUE,,TRUE,,TRUE,,TRUE,,TRUE,FALSE,13
2022-12-21 08-31-12.RData,,TRUE_TRUE_TRUE_TRUE_TRUE_TRUE_TRUE_TRUE_TRUE_TRUE_TRUE_TRUE_TRUE,TRUE,,TRUE,,TRUE,,TRUE,,TRUE,,TRUE,,TRUE,,TRUE,,TRUE,,TRUE,,TRUE,,TRUE,,TRUE,FALSE,13
2022-12-21 09-31-12.RData,,TRUE_TRUE_TRUE_TRUE_TRUE_TRUE_TRUE_TRUE_TRUE_TRUE_TRUE_TRUE_TRUE,TRUE,,TRUE,,TRUE,,TRUE,,TRUE,,TRUE,,TRUE,,TRUE,,TRUE,,TRUE,,TRUE,,TRUE,,TRUE,FALSE,13
2022-12-21 10-31-12.RData,,TRUE_TRUE_TRUE_FALSE_TRUE_TRUE_FALSE_TRUE_TRUE_TRUE_TRUE_FALSE_TRUE,TRUE,,TRUE,,TRUE,,FALSE,,TRUE,,TRUE,,FALSE,,TRUE,,TRUE,,TRUE,,TRUE,,FALSE,,TRUE,FALSE,10
2022-12-21 11-31-12.RData,,TRUE_TRUE_TRUE_FALSE_TRUE_TRUE_FALSE_TRUE_TRUE_TRUE_TRUE_FALSE_TRUE,TRUE,,TRUE,,TRUE,,FALSE,,TRUE,,TRUE,,FALSE,,TRUE,,TRUE,,TRUE,,TRUE,,FALSE,,TRUE,FALSE,10
2022-12-21 12-31-12.RData,,TRUE_TRUE_TRUE_TRUE_TRUE_TRUE_FALSE_TRUE_TRUE_TRUE_TRUE_TRUE_TRUE,TRUE,,TRUE,,TRUE,,TRUE,,TRUE,,TRUE,,FALSE,,TRUE,,TRUE,,TRUE,,TRUE,,TRUE,,TRUE,FALSE,12
2022-12-21 13-31-12.RData,,TRUE_TRUE_TRUE_TRUE_TRUE_TRUE_TRUE_TRUE_TRUE_TRUE_TRUE_TRUE_TRUE,TRUE,,TRUE,,TRUE,,TRUE,,TRUE,,TRUE,,TRUE,,TRUE,,TRUE,,TRUE,,TRUE,,TRUE,,TRUE,FALSE,13
2022-12-21 14-31-12.RData,,TRUE_TRUE_TRUE_TRUE_TRUE_TRUE_TRUE_TRUE_TRUE_TRUE_TRUE_TRUE_TRUE,TRUE,,TRUE,,TRUE,,TRUE,,TRUE,,TRUE,,TRUE,,TRUE,,TRUE,,TRUE,,TRUE,,TRUE,,TRUE,FALSE,13
2022-12-21 15-31-12.RData,,TRUE_TRUE_TRUE_TRUE_TRUE_TRUE_TRUE_TRUE_TRUE_TRUE_TRUE_TRUE_TRUE,TRUE,,TRUE,,TRUE,,TRUE,,TRUE,,TRUE,,TRUE,,TRUE,,TRUE,,TRUE,,TRUE,,TRUE,,TRUE,FALSE,13
2022-12-21 16-31-12.RData,,TRUE_TRUE_TRUE_TRUE_TRUE_TRUE_TRUE_TRUE_TRUE_TRUE_TRUE_TRUE_TRUE,TRUE,,TRUE,,TRUE,,TRUE,,TRUE,,TRUE,,TRUE,,TRUE,,TRUE,,TRUE,,TRUE,,TRUE,,TRUE,FALSE,13
2022-12-21 17-31-12.RData,,TRUE_TRUE_TRUE_TRUE_TRUE_TRUE_TRUE_TRUE_TRUE_TRUE_TRUE_TRUE_TRUE,TRUE,,TRUE,,TRUE,,TRUE,,TRUE,,TRUE,,TRUE,,TRUE,,TRUE,,TRUE,,TRUE,,TRUE,,TRUE,FALSE,13
2022-12-21 19-31-12.RData,,TRUE_TRUE_TRUE_FALSE_TRUE_TRUE_FALSE_TRUE_TRUE_TRUE_TRUE_FALSE_TRUE,TRUE,,TRUE,,TRUE,,FALSE,,TRUE,,TRUE,,FALSE,,TRUE,,TRUE,,TRUE,,TRUE,,FALSE,,TRUE,FALSE,10
2022-12-21 20-31-14.RData,,FALSE_FALSE_FALSE_FALSE_FALSE_FALSE_TRUE_FALSE_FALSE_FALSE_FALSE_TRUE_FALSE,FALSE,,FALSE,,FALSE,,FALSE,,FALSE,,FALSE,,TRUE,,FALSE,,FALSE,,FALSE,,FALSE,,TRUE,,FALSE,FALSE,2
2022-12-21 21-31-15.RData,,FALSE_FALSE_FALSE_TRUE_FALSE_FALSE_TRUE_FALSE_FALSE_FALSE_FALSE_FALSE_FALSE,FALSE,,FALSE,,FALSE,,TRUE,,FALSE,,FALSE,,TRUE,,FALSE,,FALSE,,FALSE,,FALSE,,FALSE,,FALSE,FALSE,2
2022-12-21 22-31-12.RData,,TRUE_TRUE_TRUE_TRUE_TRUE_TRUE_TRUE_TRUE_TRUE_TRUE_TRUE_TRUE_TRUE,TRUE,,TRUE,,TRUE,,TRUE,,TRUE,,TRUE,,TRUE,,TRUE,,TRUE,,TRUE,,TRUE,,TRUE,,TRUE,FALSE,13
2022-12-21 23-31-12.RData,,TRUE_TRUE_TRUE_TRUE_TRUE_TRUE_TRUE_TRUE_TRUE_TRUE_TRUE_TRUE_TRUE,TRUE,,TRUE,,TRUE,,TRUE,,TRUE,,TRUE,,TRUE,,TRUE,,TRUE,,TRUE,,TRUE,,TRUE,,TRUE,FALSE,13
2022-12-22 00-31-12.RData,,TRUE_TRUE_TRUE_TRUE_TRUE_TRUE_TRUE_TRUE_TRUE_TRUE_TRUE_TRUE_TRUE,TRUE,,TRUE,,TRUE,,TRUE,,TRUE,,TRUE,,TRUE,,TRUE,,TRUE,,TRUE,,TRUE,,TRUE,,TRUE,FALSE,13
2022-12-22 01-31-12.RData,,TRUE_TRUE_TRUE_TRUE_TRUE_TRUE_TRUE_TRUE_TRUE_TRUE_TRUE_TRUE_TRUE,TRUE,,TRUE,,TRUE,,TRUE,,TRUE,,TRUE,,TRUE,,TRUE,,TRUE,,TRUE,,TRUE,,TRUE,,TRUE,FALSE,13
2022-12-22 02-31-12.RData,,TRUE_TRUE_TRUE_TRUE_TRUE_TRUE_TRUE_TRUE_TRUE_TRUE_TRUE_TRUE_TRUE,TRUE,,TRUE,,TRUE,,TRUE,,TRUE,,TRUE,,TRUE,,TRUE,,TRUE,,TRUE,,TRUE,,TRUE,,TRUE,FALSE,13
2022-12-22 03-31-12.RData,,TRUE_TRUE_TRUE_TRUE_TRUE_TRUE_TRUE_TRUE_TRUE_TRUE_TRUE_TRUE_TRUE,TRUE,,TRUE,,TRUE,,TRUE,,TRUE,,TRUE,,TRUE,,TRUE,,TRUE,,TRUE,,TRUE,,TRUE,,TRUE,FALSE,13
2022-12-22 04-31-12.RData,,TRUE_TRUE_TRUE_TRUE_TRUE_TRUE_TRUE_TRUE_TRUE_TRUE_TRUE_TRUE_TRUE,TRUE,,TRUE,,TRUE,,TRUE,,TRUE,,TRUE,,TRUE,,TRUE,,TRUE,,TRUE,,TRUE,,TRUE,,TRUE,FALSE,13
2022-12-22 05-31-12.RData,,TRUE_TRUE_TRUE_TRUE_TRUE_TRUE_TRUE_TRUE_TRUE_TRUE_TRUE_TRUE_TRUE,TRUE,,TRUE,,TRUE,,TRUE,,TRUE,,TRUE,,TRUE,,TRUE,,TRUE,,TRUE,,TRUE,,TRUE,,TRUE,FALSE,13
2022-12-22 06-31-12.RData,,TRUE_TRUE_TRUE_TRUE_TRUE_TRUE_TRUE_TRUE_TRUE_TRUE_TRUE_TRUE_TRUE,TRUE,,TRUE,,TRUE,,TRUE,,TRUE,,TRUE,,TRUE,,TRUE,,TRUE,,TRUE,,TRUE,,TRUE,,TRUE,FALSE,13
2022-12-22 07-31-13.RData,,TRUE_TRUE_TRUE_TRUE_TRUE_TRUE_TRUE_TRUE_TRUE_TRUE_TRUE_TRUE_TRUE,TRUE,,TRUE,,TRUE,,TRUE,,TRUE,,TRUE,,TRUE,,TRUE,,TRUE,,TRUE,,TRUE,,TRUE,,TRUE,FALSE,13
2022-12-22 08-31-12.RData,,TRUE_TRUE_TRUE_TRUE_TRUE_TRUE_TRUE_TRUE_TRUE_TRUE_TRUE_TRUE_TRUE,TRUE,,TRUE,,TRUE,,TRUE,,TRUE,,TRUE,,TRUE,,TRUE,,TRUE,,TRUE,,TRUE,,TRUE,,TRUE,FALSE,13
2022-12-22 09-31-12.RData,,TRUE_TRUE_TRUE_TRUE_TRUE_TRUE_TRUE_TRUE_TRUE_TRUE_TRUE_TRUE_TRUE,TRUE,,TRUE,,TRUE,,TRUE,,TRUE,,TRUE,,TRUE,,TRUE,,TRUE,,TRUE,,TRUE,,TRUE,,TRUE,FALSE,13
2022-12-22 10-31-13.RData,,TRUE_TRUE_TRUE_FALSE_TRUE_TRUE_TRUE_TRUE_TRUE_TRUE_TRUE_FALSE_TRUE,TRUE,,TRUE,,TRUE,,FALSE,,TRUE,,TRUE,,TRUE,,TRUE,,TRUE,,TRUE,,TRUE,,FALSE,,TRUE,FALSE,11
2022-12-22 11-31-13.RData,,FALSE_TRUE_TRUE_FALSE_TRUE_TRUE_FALSE_TRUE_FALSE_TRUE_TRUE_TRUE_TRUE,FALSE,,TRUE,,TRUE,,FALSE,,TRUE,,TRUE,,FALSE,,TRUE,,FALSE,,TRUE,,TRUE,,TRUE,,TRUE,FALSE,9
2022-12-22 13-31-13.RData,,FALSE_TRUE_TRUE_FALSE_TRUE_TRUE_FALSE_TRUE_FALSE_TRUE_TRUE_FALSE_TRUE,FALSE,,TRUE,,TRUE,,FALSE,,TRUE,,TRUE,,FALSE,,TRUE,,FALSE,,TRUE,,TRUE,,FALSE,,TRUE,FALSE,8
2022-12-22 15-31-13.RData,,TRUE_FALSE_TRUE_TRUE_TRUE_TRUE_TRUE_TRUE_TRUE_FALSE_TRUE_TRUE_TRUE,TRUE,,FALSE,,TRUE,,TRUE,,TRUE,,TRUE,,TRUE,,TRUE,,TRUE,,FALSE,,TRUE,,TRUE,,TRUE,FALSE,11
2022-12-22 17-31-12.RData,,TRUE_TRUE_TRUE_TRUE_TRUE_TRUE_TRUE_TRUE_TRUE_TRUE_TRUE_TRUE_TRUE,TRUE,,TRUE,,TRUE,,TRUE,,TRUE,,TRUE,,TRUE,,TRUE,,TRUE,,TRUE,,TRUE,,TRUE,,TRUE,FALSE,13
